cell_id,raw_index,discharge_index,date,ambient_C,capacity_Ah,n_samples
B0005,1,1,2008-04-02,24.0,1.8564874208181574,197
B0005,3,2,2008-04-02,24.0,1.846327249719927,196
B0005,5,3,2008-04-03,24.0,1.8353491942234077,195
B0005,7,4,2008-04-03,24.0,1.8352625275821128,194
B0005,9,5,2008-04-03,24.0,1.8346455082120419,194
B0005,11,6,2008-04-03,24.0,1.8356616600675495,195
B0005,13,7,2008-04-03,24.0,1.8351461429226603,195
B0005,15,8,2008-04-03,24.0,1.8257567905665537,191
B0005,17,9,2008-04-04,24.0,1.8247738529891333,190
B0005,19,10,2008-04-04,24.0,1.824613268496936,190
B0005,21,11,2008-04-04,24.0,1.8246195526864504,189
B0005,24,12,2008-04-04,24.0,1.8142019357673917,187
B0005,26,13,2008-04-04,24.0,1.8137521577549054,186
B0005,28,14,2008-04-05,24.0,1.8134404914735822,186
B0005,30,15,2008-04-05,24.0,1.8025980036306504,185
B0005,32,16,2008-04-05,24.0,1.80210690024615,184
B0005,34,17,2008-04-05,24.0,1.802579500826209,183
B0005,36,18,2008-04-05,24.0,1.8030683142834096,182
B0005,38,19,2008-04-05,24.0,1.8027776247196041,182
B0005,41,20,2008-04-18,24.0,1.8470259949329193,192
B0005,45,21,2008-04-19,24.0,1.847417311283644,190
B0005,49,22,2008-04-19,24.0,1.8361774213478947,189
B0005,53,23,2008-04-19,24.0,1.8257807475776242,187
B0005,57,24,2008-04-19,24.0,1.8251136435078368,188
B0005,61,25,2008-04-19,24.0,1.8255815042203762,184
B0005,65,26,2008-04-20,24.0,1.8140311275083907,184
B0005,69,27,2008-04-20,24.0,1.8147691941158939,183
B0005,73,28,2008-04-20,24.0,1.813969388710352,183
B0005,77,29,2008-04-20,24.0,1.802765665167823,183
B0005,81,30,2008-04-21,24.0,1.804077040117352,182
B0005,85,31,2008-04-22,24.0,1.8518025516704486,371
B0005,89,32,2008-04-22,24.0,1.8307038456739428,365
B0005,93,33,2008-04-23,24.0,1.8199041089501267,363
B0005,97,34,2008-04-23,24.0,1.8093079637028517,362
B0005,101,35,2008-04-23,24.0,1.80460990458052,360
B0005,105,36,2008-04-23,24.0,1.7993770651972192,360
B0005,109,37,2008-04-23,24.0,1.7884432335370462,359
B0005,113,38,2008-04-24,24.0,1.7829230484252723,357
B0005,117,39,2008-04-24,24.0,1.7730337158018288,356
B0005,121,40,2008-04-24,24.0,1.773037755078937,355
B0005,125,41,2008-04-24,24.0,1.7678721106662054,355
B0005,129,42,2008-04-24,24.0,1.7623150704093087,354
B0005,133,43,2008-04-25,24.0,1.7676172924938447,179
B0005,135,44,2008-04-25,24.0,1.762668359743147,354
B0005,139,45,2008-04-26,24.0,1.7517304870664143,352
B0005,143,46,2008-04-26,24.0,1.7418496047960008,350
B0005,147,47,2008-04-26,24.0,1.7360913511847138,349
B0005,149,48,2008-04-29,24.0,1.7936240148573608,356
B0005,153,49,2008-04-29,24.0,1.7831890223273275,356
B0005,157,50,2008-04-29,24.0,1.7673642076278957,353
B0005,161,51,2008-04-30,24.0,1.7570177850353066,351
B0005,165,52,2008-04-30,24.0,1.7468706179837907,350
B0005,169,53,2008-04-30,24.0,1.7417172507457144,349
B0005,173,54,2008-04-30,24.0,1.7364225056478186,349
B0005,177,55,2008-04-30,24.0,1.7263217239235826,348
B0005,181,56,2008-05-01,24.0,1.7158065389330133,347
B0005,185,57,2008-05-01,24.0,1.710533351135192,346
B0005,189,58,2008-05-01,24.0,1.706014499648521,346
B0005,193,59,2008-05-01,24.0,1.7003110272642588,345
B0005,197,60,2008-05-01,24.0,1.6945798601797895,345
B0005,201,61,2008-05-02,24.0,1.6849029086609286,343
B0005,205,62,2008-05-02,24.0,1.6744741591159717,343
B0005,209,63,2008-05-02,24.0,1.6745692479879102,342
B0005,213,64,2008-05-02,24.0,1.663716375981405,341
B0005,215,65,2008-05-02,24.0,1.659013868748246,341
B0005,219,66,2008-05-03,24.0,1.6538540573335014,340
B0005,223,67,2008-05-03,24.0,1.642653782130131,339
B0005,227,68,2008-05-03,24.0,1.6378578430223698,338
B0005,231,69,2008-05-03,24.0,1.6327350407099108,338
B0005,235,70,2008-05-03,24.0,1.6277528915533617,337
B0005,239,71,2008-05-04,24.0,1.622125485521159,336
B0005,243,72,2008-05-04,24.0,1.6113256603765849,336
B0005,247,73,2008-05-04,24.0,1.6065631397488385,335
B0005,251,74,2008-05-04,24.0,1.6015142233917594,334
B0005,255,75,2008-05-05,24.0,1.590369231400328,333
B0005,259,76,2008-05-05,24.0,1.5857889968242211,333
B0005,263,77,2008-05-05,24.0,1.5849430707374117,333
B0005,265,78,2008-05-05,24.0,1.5955263892495937,333
B0005,269,79,2008-05-06,24.0,1.5747301747801037,331
B0005,273,80,2008-05-06,24.0,1.5649019950937946,330
B0005,277,81,2008-05-06,24.0,1.5597659473370362,330
B0005,281,82,2008-05-06,24.0,1.5594815668184234,330
B0005,285,83,2008-05-06,24.0,1.55468935359061,329
B0005,289,84,2008-05-07,24.0,1.5488741079890418,329
B0005,293,85,2008-05-07,24.0,1.538236598942558,327
B0005,297,86,2008-05-07,24.0,1.527914258251028,326
B0005,301,87,2008-05-07,24.0,1.5285252629756445,326
B0005,305,88,2008-05-07,24.0,1.522647325284378,326
B0005,309,89,2008-05-08,24.0,1.5174859938489869,325
B0005,312,90,2008-05-09,24.0,1.605818899130659,339
B0005,315,91,2008-05-09,24.0,1.5638491446744425,329
B0005,319,92,2008-05-10,24.0,1.5480915247767786,328
B0005,323,93,2008-05-10,24.0,1.5323755631868592,327
B0005,327,94,2008-05-10,24.0,1.5269528268489705,326
B0005,331,95,2008-05-10,24.0,1.5169573017136326,325
B0005,335,96,2008-05-10,24.0,1.5118975960142693,324
B0005,339,97,2008-05-11,24.0,1.5065638960681105,324
B0005,343,98,2008-05-11,24.0,1.5015453526671363,323
B0005,347,99,2008-05-11,24.0,1.4908444050400238,322
B0005,351,100,2008-05-11,24.0,1.485868384561201,322
B0005,355,101,2008-05-11,24.0,1.480413677976106,321
B0005,359,102,2008-05-12,24.0,1.4752095869031632,320
B0005,363,103,2008-05-12,24.0,1.4859035988304024,321
B0005,366,104,2008-05-12,24.0,1.4960918298136696,322
B0005,370,105,2008-05-12,24.0,1.4808005946928984,320
B0005,374,106,2008-05-13,24.0,1.4697543268466824,319
B0005,378,107,2008-05-13,24.0,1.4539012274845928,316
B0005,382,108,2008-05-13,24.0,1.4541462067235693,318
B0005,386,109,2008-05-13,24.0,1.455023751906683,317
B0005,390,110,2008-05-13,24.0,1.449042163761236,317
B0005,394,111,2008-05-14,24.0,1.4386709371480566,316
B0005,398,112,2008-05-14,24.0,1.433445432156979,315
B0005,402,113,2008-05-14,24.0,1.4333958900838095,315
B0005,406,114,2008-05-14,24.0,1.42806487344776,315
B0005,410,115,2008-05-15,24.0,1.4229203181741186,314
B0005,414,116,2008-05-15,24.0,1.417429032731308,313
B0005,418,117,2008-05-15,24.0,1.412409228794446,312
B0005,422,118,2008-05-15,24.0,1.412578792940193,312
B0005,426,119,2008-05-15,24.0,1.4075983731469897,312
B0005,430,120,2008-05-16,24.0,1.4333920485221476,314
B0005,432,121,2008-05-16,24.0,1.4382550176792908,315
B0005,436,122,2008-05-17,24.0,1.4173547174485526,313
B0005,440,123,2008-05-17,24.0,1.406981663677643,312
B0005,444,124,2008-05-17,24.0,1.4012037783587625,311
B0005,448,125,2008-05-17,24.0,1.3967008232726328,311
B0005,452,126,2008-05-17,24.0,1.391284788852726,309
B0005,456,127,2008-05-18,24.0,1.3862287677978349,309
B0005,460,128,2008-05-18,24.0,1.3804366761974138,309
B0005,464,129,2008-05-18,24.0,1.3752364150256224,308
B0005,468,130,2008-05-18,24.0,1.3705128024895008,307
B0005,472,131,2008-05-18,24.0,1.3705085566270399,307
B0005,476,132,2008-05-19,24.0,1.3647355108681518,307
B0005,480,133,2008-05-19,24.0,1.375392016895762,308
B0005,482,134,2008-05-19,24.0,1.3861115151535393,309
B0005,484,135,2008-05-20,24.0,1.3698500035838939,308
B0005,488,136,2008-05-20,24.0,1.3647827949260758,307
B0005,492,137,2008-05-20,24.0,1.3543220466259964,306
B0005,496,138,2008-05-20,24.0,1.3546417018378962,306
B0005,500,139,2008-05-20,24.0,1.3547039213192407,306
B0005,504,140,2008-05-21,24.0,1.349314997503458,305
B0005,508,141,2008-05-21,24.0,1.3441891937970554,304
B0005,512,142,2008-05-21,24.0,1.3389913790695755,304
B0005,516,143,2008-05-21,24.0,1.3389145230206971,304
B0005,520,144,2008-05-21,24.0,1.3340066759761655,303
B0005,524,145,2008-05-22,24.0,1.3286444309174914,303
B0005,528,146,2008-05-22,24.0,1.3231708992276219,302
B0005,532,147,2008-05-22,24.0,1.3181691588445197,302
B0005,536,148,2008-05-22,24.0,1.3184664436640334,302
B0005,540,149,2008-05-22,24.0,1.318293040102702,301
B0005,544,150,2008-05-23,24.0,1.323872422244268,302
B0005,547,151,2008-05-23,24.0,1.3601216766554785,305
B0005,551,152,2008-05-24,24.0,1.3395306867947354,303
B0005,555,153,2008-05-24,24.0,1.3290286565120697,302
B0005,559,154,2008-05-24,24.0,1.3236741274998955,302
B0005,563,155,2008-05-24,24.0,1.318633896753293,301
B0005,567,156,2008-05-24,24.0,1.3134751321324272,301
B0005,571,157,2008-05-25,24.0,1.3132020634442203,300
B0005,575,158,2008-05-25,24.0,1.3077959946944353,300
B0005,579,159,2008-05-25,24.0,1.3030329186405918,299
B0005,583,160,2008-05-25,24.0,1.3033573559038205,299
B0005,587,161,2008-05-25,24.0,1.3034100438655642,298
B0005,591,162,2008-05-26,24.0,1.2978870806495706,298
B0005,595,163,2008-05-26,24.0,1.2980735056918902,298
B0005,599,164,2008-05-26,24.0,1.293463613844243,297
B0005,603,165,2008-05-26,24.0,1.288003392619118,297
B0005,607,166,2008-05-26,24.0,1.2874525221379407,297
B0005,611,167,2008-05-27,24.0,1.3090153642307354,298
B0005,613,168,2008-05-27,24.0,1.3250793286429356,300
B0006,1,1,2008-04-02,24.0,2.035337591005598,197
B0006,3,2,2008-04-02,24.0,2.0251402460314116,196
B0006,5,3,2008-04-03,24.0,2.013326371345464,195
B0006,7,4,2008-04-03,24.0,2.0132846655407413,194
B0006,9,5,2008-04-03,24.0,2.000528337624771,194
B0006,11,6,2008-04-03,24.0,2.0138990759931645,195
B0006,13,7,2008-04-03,24.0,2.013101105626967,195
B0006,15,8,2008-04-03,24.0,1.9687898262728398,191
B0006,17,9,2008-04-04,24.0,1.9681661764334244,190
B0006,19,10,2008-04-04,24.0,1.9572307917560536,190
B0006,21,11,2008-04-04,24.0,1.9455991514129352,189
B0006,24,12,2008-04-04,24.0,1.9347505044841131,187
B0006,26,13,2008-04-04,24.0,1.9232799539368028,186
B0006,28,14,2008-04-05,24.0,1.911889930948487,186
B0006,30,15,2008-04-05,24.0,1.9010667141979305,185
B0006,32,16,2008-04-05,24.0,1.8891989948061458,184
B0006,34,17,2008-04-05,24.0,1.878278372248849,183
B0006,36,18,2008-04-05,24.0,1.8675697161520206,182
B0006,38,19,2008-04-05,24.0,1.8675892574453767,182
B0006,41,20,2008-04-18,24.0,1.979626548250818,192
B0006,45,21,2008-04-19,24.0,1.9575499080884022,190
B0006,49,22,2008-04-19,24.0,1.9458150170787551,189
B0006,53,23,2008-04-19,24.0,1.9242461121680094,187
B0006,57,24,2008-04-19,24.0,1.9459811331421641,188
B0006,61,25,2008-04-19,24.0,1.901407930553079,184
B0006,65,26,2008-04-20,24.0,1.878674213680085,184
B0006,69,27,2008-04-20,24.0,1.8683061328264219,183
B0006,73,28,2008-04-20,24.0,1.8560244070082998,183
B0006,77,29,2008-04-20,24.0,1.8451997961855777,183
B0006,81,30,2008-04-21,24.0,1.857228890885317,182
B0006,85,31,2008-04-22,24.0,1.9247760889090635,371
B0006,89,32,2008-04-22,24.0,1.8822317526092551,365
B0006,93,33,2008-04-23,24.0,1.855276687885587,363
B0006,97,34,2008-04-23,24.0,1.8392508917181876,362
B0006,101,35,2008-04-23,24.0,1.8185396073994429,360
B0006,105,36,2008-04-23,24.0,1.8134770059567056,360
B0006,109,37,2008-04-23,24.0,1.7971018450305436,359
B0006,113,38,2008-04-24,24.0,1.7810046294120476,357
B0006,117,39,2008-04-24,24.0,1.7710130422682329,356
B0006,121,40,2008-04-24,24.0,1.7604712448170943,355
B0006,125,41,2008-04-24,24.0,1.7502913788006587,355
B0006,129,42,2008-04-24,24.0,1.7394925037732578,354
B0006,133,43,2008-04-25,24.0,1.7546766553637203,179
B0006,135,44,2008-04-25,24.0,1.7659390941842175,354
B0006,139,45,2008-04-26,24.0,1.7337887419624838,352
B0006,143,46,2008-04-26,24.0,1.713325912040734,350
B0006,147,47,2008-04-26,24.0,1.7024077813673466,349
B0006,149,48,2008-04-29,24.0,1.82371946178183,356
B0006,153,49,2008-04-29,24.0,1.8081284050314708,356
B0006,157,50,2008-04-29,24.0,1.7757610945034283,353
B0006,161,51,2008-04-30,24.0,1.7447409841836798,351
B0006,165,52,2008-04-30,24.0,1.729207034132373,350
B0006,169,53,2008-04-30,24.0,1.7081086552553244,349
B0006,173,54,2008-04-30,24.0,1.6975954237461768,349
B0006,177,55,2008-04-30,24.0,1.6820634524029463,348
B0006,181,56,2008-05-01,24.0,1.6714768322295086,347
B0006,185,57,2008-05-01,24.0,1.6607591387047655,346
B0006,189,58,2008-05-01,24.0,1.651121015038069,346
B0006,193,59,2008-05-01,24.0,1.6401349256190927,345
B0006,197,60,2008-05-01,24.0,1.6291999416165441,345
B0006,201,61,2008-05-02,24.0,1.6088496302961666,343
B0006,205,62,2008-05-02,24.0,1.6035244898969248,343
B0006,209,63,2008-05-02,24.0,1.5989712144027983,342
B0006,213,64,2008-05-02,24.0,1.5876273123575604,341
B0006,215,65,2008-05-02,24.0,1.5829719744686166,341
B0006,219,66,2008-05-03,24.0,1.567137636713563,340
B0006,223,67,2008-05-03,24.0,1.5613446139713882,339
B0006,227,68,2008-05-03,24.0,1.5511711892790419,338
B0006,231,69,2008-05-03,24.0,1.5406741606295171,338
B0006,235,70,2008-05-03,24.0,1.5253138744624433,337
B0006,239,71,2008-05-04,24.0,1.5301570318067428,336
B0006,243,72,2008-05-04,24.0,1.5246566834474087,336
B0006,247,73,2008-05-04,24.0,1.5145492986655427,335
B0006,251,74,2008-05-04,24.0,1.509391504602082,334
B0006,255,75,2008-05-05,24.0,1.5039974333050705,333
B0006,259,76,2008-05-05,24.0,1.4935201918040188,333
B0006,263,77,2008-05-05,24.0,1.4876323024497422,333
B0006,265,78,2008-05-05,24.0,1.5302876214401704,333
B0006,269,79,2008-05-06,24.0,1.5040760088360112,331
B0006,273,80,2008-05-06,24.0,1.4887593608730894,330
B0006,277,81,2008-05-06,24.0,1.4782779285546637,330
B0006,281,82,2008-05-06,24.0,1.478459982215684,330
B0006,285,83,2008-05-06,24.0,1.473214844899973,329
B0006,289,84,2008-05-07,24.0,1.4675164935067897,329
B0006,293,85,2008-05-07,24.0,1.4516292657521335,327
B0006,297,86,2008-05-07,24.0,1.4519237720967177,326
B0006,301,87,2008-05-07,24.0,1.4471484694777745,326
B0006,305,88,2008-05-07,24.0,1.4468538105659885,326
B0006,309,89,2008-05-08,24.0,1.4416741930284678,325
B0006,312,90,2008-05-09,24.0,1.5935866593100128,339
B0006,315,91,2008-05-09,24.0,1.5463902376915637,329
B0006,319,92,2008-05-10,24.0,1.51470559175661,328
B0006,323,93,2008-05-10,24.0,1.4989786083335404,327
B0006,327,94,2008-05-10,24.0,1.4831110745410492,326
B0006,331,95,2008-05-10,24.0,1.4729664825468278,325
B0006,335,96,2008-05-10,24.0,1.4627604396099307,324
B0006,339,97,2008-05-11,24.0,1.4518364681062514,324
B0006,343,98,2008-05-11,24.0,1.4468670644030392,323
B0006,347,99,2008-05-11,24.0,1.441380399427779,322
B0006,351,100,2008-05-11,24.0,1.431210744960774,322
B0006,355,101,2008-05-11,24.0,1.4260247179525716,321
B0006,359,102,2008-05-12,24.0,1.420487649966195,320
B0006,363,103,2008-05-12,24.0,1.4207006230355006,321
B0006,366,104,2008-05-12,24.0,1.452255804330839,322
B0006,370,105,2008-05-12,24.0,1.431557632772571,320
B0006,374,106,2008-05-13,24.0,1.415015751158943,319
B0006,378,107,2008-05-13,24.0,1.4097311506517451,316
B0006,382,108,2008-05-13,24.0,1.404917318129309,318
B0006,386,109,2008-05-13,24.0,1.395164296571563,317
B0006,390,110,2008-05-13,24.0,1.3945343832614077,317
B0006,394,111,2008-05-14,24.0,1.3893171179312644,316
B0006,398,112,2008-05-14,24.0,1.3838379472327809,315
B0006,402,113,2008-05-14,24.0,1.3736814238195123,315
B0006,406,114,2008-05-14,24.0,1.3786059891863676,315
B0006,410,115,2008-05-15,24.0,1.3737600299108574,314
B0006,414,116,2008-05-15,24.0,1.3682580583942712,313
B0006,418,117,2008-05-15,24.0,1.3633024037317505,312
B0006,422,118,2008-05-15,24.0,1.3580966140172601,312
B0006,426,119,2008-05-15,24.0,1.353269090999531,312
B0006,430,120,2008-05-16,24.0,1.3841605738237488,314
B0006,432,121,2008-05-16,24.0,1.4051467790651473,315
B0006,436,122,2008-05-17,24.0,1.378719022627353,313
B0006,440,123,2008-05-17,24.0,1.3682657783199066,312
B0006,444,124,2008-05-17,24.0,1.3573151296618016,311
B0006,448,125,2008-05-17,24.0,1.3524934638801596,311
B0006,452,126,2008-05-17,24.0,1.3474099151661236,309
B0006,456,127,2008-05-18,24.0,1.3370075130842318,309
B0006,460,128,2008-05-18,24.0,1.3312352966718526,309
B0006,464,129,2008-05-18,24.0,1.3259303781727643,308
B0006,468,130,2008-05-18,24.0,1.321578743867529,307
B0006,472,131,2008-05-18,24.0,1.321225074066109,307
B0006,476,132,2008-05-19,24.0,1.3156485301862682,307
B0006,480,133,2008-05-19,24.0,1.3209025697502388,308
B0006,482,134,2008-05-19,24.0,1.3474328767273906,309
B0006,484,135,2008-05-20,24.0,1.3260128072353616,308
B0006,488,136,2008-05-20,24.0,1.3101186784831063,307
B0006,492,137,2008-05-20,24.0,1.30521620229393,306
B0006,496,138,2008-05-20,24.0,1.3004061951355774,306
B0006,500,139,2008-05-20,24.0,1.300235735841116,306
B0006,504,140,2008-05-21,24.0,1.2895066722480755,305
B0006,508,141,2008-05-21,24.0,1.279253057384795,304
B0006,512,142,2008-05-21,24.0,1.2792078171714618,304
B0006,516,143,2008-05-21,24.0,1.274036760902923,304
B0006,520,144,2008-05-21,24.0,1.2741273923001468,303
B0006,524,145,2008-05-22,24.0,1.2637639426440779,303
B0006,528,146,2008-05-22,24.0,1.2581373688955233,302
B0006,532,147,2008-05-22,24.0,1.253259864055301,302
B0006,536,148,2008-05-22,24.0,1.2532313315493426,302
B0006,540,149,2008-05-22,24.0,1.2480874960313577,301
B0006,544,150,2008-05-23,24.0,1.2534354284944844,302
B0006,547,151,2008-05-23,24.0,1.2898048773266901,305
B0006,551,152,2008-05-24,24.0,1.2635402021758835,303
B0006,555,153,2008-05-24,24.0,1.2479761706842853,302
B0006,559,154,2008-05-24,24.0,1.2321202877943334,302
B0006,563,155,2008-05-24,24.0,1.2271137666213534,301
B0006,567,156,2008-05-24,24.0,1.2217397581377356,301
B0006,571,157,2008-05-25,24.0,1.211102678915174,300
B0006,575,158,2008-05-25,24.0,1.2056159765131735,300
B0006,579,159,2008-05-25,24.0,1.2008936262717274,299
B0006,583,160,2008-05-25,24.0,1.1905903985558335,299
B0006,587,161,2008-05-25,24.0,1.185179251041941,298
B0006,591,162,2008-05-26,24.0,1.1796706818144624,298
B0006,595,163,2008-05-26,24.0,1.1745952836753915,298
B0006,599,164,2008-05-26,24.0,1.15381833159625,297
B0006,603,165,2008-05-26,24.0,1.1644009557372264,297
B0006,607,166,2008-05-26,24.0,1.1587974947916069,297
B0006,611,167,2008-05-27,24.0,1.1749748834769171,298
B0006,613,168,2008-05-27,24.0,1.1856752327929356,300
B0007,1,1,2008-04-02,24.0,1.89105229539079,197
B0007,3,2,2008-04-02,24.0,1.880637027686859,196
B0007,5,3,2008-04-03,24.0,1.8806626717011388,195
B0007,7,4,2008-04-03,24.0,1.8807709009833444,194
B0007,9,5,2008-04-03,24.0,1.8794508728285058,194
B0007,11,6,2008-04-03,24.0,1.8807003517117404,195
B0007,13,7,2008-04-03,24.0,1.8799352523566075,195
B0007,15,8,2008-04-03,24.0,1.8815088124038797,191
B0007,17,9,2008-04-04,24.0,1.8696907870385844,190
B0007,19,10,2008-04-04,24.0,1.870052380139199,190
B0007,21,11,2008-04-04,24.0,1.8700442394188577,189
B0007,24,12,2008-04-04,24.0,1.8596518987766364,187
B0007,26,13,2008-04-04,24.0,1.8590746560862206,186
B0007,28,14,2008-04-05,24.0,1.8590084577709232,186
B0007,30,15,2008-04-05,24.0,1.8593622586957048,185
B0007,32,16,2008-04-05,24.0,1.8587355450601035,184
B0007,34,17,2008-04-05,24.0,1.847817291322145,183
B0007,36,18,2008-04-05,24.0,1.8485252916137047,182
B0007,38,19,2008-04-05,24.0,1.848378951850034,182
B0007,41,20,2008-04-18,24.0,1.8807805437609766,192
B0007,45,21,2008-04-19,24.0,1.8814721597443598,190
B0007,49,22,2008-04-19,24.0,1.8810954313244785,189
B0007,53,23,2008-04-19,24.0,1.8710089649779995,187
B0007,57,24,2008-04-19,24.0,1.8701995151941375,188
B0007,61,25,2008-04-19,24.0,1.8706715362800985,184
B0007,65,26,2008-04-20,24.0,1.8596124644020169,184
B0007,69,27,2008-04-20,24.0,1.860033909718346,183
B0007,73,28,2008-04-20,24.0,1.8591653109160768,183
B0007,77,29,2008-04-20,24.0,1.8481398178778288,183
B0007,81,30,2008-04-21,24.0,1.849201702126164,182
B0007,85,31,2008-04-22,24.0,1.8834677437950846,371
B0007,89,32,2008-04-22,24.0,1.8628211117905844,365
B0007,93,33,2008-04-23,24.0,1.852085039652352,363
B0007,97,34,2008-04-23,24.0,1.8469504648208708,362
B0007,101,35,2008-04-23,24.0,1.836828431169018,360
B0007,105,36,2008-04-23,24.0,1.8371619619672275,360
B0007,109,37,2008-04-23,24.0,1.8316722583718854,359
B0007,113,38,2008-04-24,24.0,1.8211470951317783,357
B0007,117,39,2008-04-24,24.0,1.816506091511515,356
B0007,121,40,2008-04-24,24.0,1.8113815601504555,355
B0007,125,41,2008-04-24,24.0,1.8116056333939583,355
B0007,129,42,2008-04-24,24.0,1.8060548955557403,354
B0007,133,43,2008-04-25,24.0,1.8132041826994056,179
B0007,135,44,2008-04-25,24.0,1.8062641938283535,354
B0007,139,45,2008-04-26,24.0,1.7958310249900458,352
B0007,143,46,2008-04-26,24.0,1.7858852600390451,350
B0007,147,47,2008-04-26,24.0,1.7803268604502753,349
B0007,149,48,2008-04-29,24.0,1.8150756899575577,356
B0007,153,49,2008-04-29,24.0,1.8157025154845838,356
B0007,157,50,2008-04-29,24.0,1.8002432178056673,353
B0007,161,51,2008-04-30,24.0,1.7904476205609308,351
B0007,165,52,2008-04-30,24.0,1.780343032300132,350
B0007,169,53,2008-04-30,24.0,1.775328769596812,349
B0007,173,54,2008-04-30,24.0,1.7702629734732853,349
B0007,177,55,2008-04-30,24.0,1.760081061854204,348
B0007,181,56,2008-05-01,24.0,1.749647593537689,347
B0007,185,57,2008-05-01,24.0,1.749650075059311,346
B0007,189,58,2008-05-01,24.0,1.745028739214683,346
B0007,193,59,2008-05-01,24.0,1.7396457455286727,345
B0007,197,60,2008-05-01,24.0,1.7285642277717963,345
B0007,201,61,2008-05-02,24.0,1.723900324588418,343
B0007,205,62,2008-05-02,24.0,1.7139788776485192,343
B0007,209,63,2008-05-02,24.0,1.7139701997004613,342
B0007,213,64,2008-05-02,24.0,1.7036521173638766,341
B0007,215,65,2008-05-02,24.0,1.7040137474382486,341
B0007,219,66,2008-05-03,24.0,1.6935716157343033,340
B0007,223,67,2008-05-03,24.0,1.6876577363877656,339
B0007,227,68,2008-05-03,24.0,1.6830744356583152,338
B0007,231,69,2008-05-03,24.0,1.6779270142025482,338
B0007,235,70,2008-05-03,24.0,1.6732060275966172,337
B0007,239,71,2008-05-04,24.0,1.6674367208253988,336
B0007,243,72,2008-05-04,24.0,1.6622662630667526,336
B0007,247,73,2008-05-04,24.0,1.6574243065763063,335
B0007,251,74,2008-05-04,24.0,1.652538684928734,334
B0007,255,75,2008-05-05,24.0,1.6472174627573322,333
B0007,259,76,2008-05-05,24.0,1.6364136810898071,333
B0007,263,77,2008-05-05,24.0,1.6362554312048496,333
B0007,265,78,2008-05-05,24.0,1.641119179218384,333
B0007,269,79,2008-05-06,24.0,1.6315700789656966,331
B0007,273,80,2008-05-06,24.0,1.621213282987236,330
B0007,277,81,2008-05-06,24.0,1.6164273214762122,330
B0007,281,82,2008-05-06,24.0,1.615823510161921,330
B0007,285,83,2008-05-06,24.0,1.61672418029789,329
B0007,289,84,2008-05-07,24.0,1.6108655863730026,329
B0007,293,85,2008-05-07,24.0,1.6006603374309376,327
B0007,297,86,2008-05-07,24.0,1.5959174487005663,326
B0007,301,87,2008-05-07,24.0,1.5962179519462243,326
B0007,305,88,2008-05-07,24.0,1.5958065114633972,326
B0007,309,89,2008-05-08,24.0,1.5906507821480704,325
B0007,312,90,2008-05-09,24.0,1.6888211161855506,339
B0007,315,91,2008-05-09,24.0,1.6259938279733204,329
B0007,319,92,2008-05-10,24.0,1.6157433862812898,328
B0007,323,93,2008-05-10,24.0,1.6056626764846538,327
B0007,327,94,2008-05-10,24.0,1.5949746921524348,326
B0007,331,95,2008-05-10,24.0,1.5904102438871945,325
B0007,335,96,2008-05-10,24.0,1.5853517062988178,324
B0007,339,97,2008-05-11,24.0,1.5799737147242376,324
B0007,343,98,2008-05-11,24.0,1.5752185465278068,323
B0007,347,99,2008-05-11,24.0,1.569798484648868,322
B0007,351,100,2008-05-11,24.0,1.5702565375950357,322
B0007,355,101,2008-05-11,24.0,1.565249873909438,321
B0007,359,102,2008-05-12,24.0,1.559633933561147,320
B0007,363,103,2008-05-12,24.0,1.5649820533392105,321
B0007,366,104,2008-05-12,24.0,1.57497949984227,322
B0007,370,105,2008-05-12,24.0,1.5652811168780458,320
B0007,374,106,2008-05-13,24.0,1.559755497470126,319
B0007,378,107,2008-05-13,24.0,1.549897685670499,316
B0007,382,108,2008-05-13,24.0,1.5438771531345021,318
B0007,386,109,2008-05-13,24.0,1.5450187488690073,317
B0007,390,110,2008-05-13,24.0,1.5445940154102908,317
B0007,394,111,2008-05-14,24.0,1.5343086721758876,316
B0007,398,112,2008-05-14,24.0,1.5287603942958483,315
B0007,402,113,2008-05-14,24.0,1.5289260249179843,315
B0007,406,114,2008-05-14,24.0,1.529091650133123,315
B0007,410,115,2008-05-15,24.0,1.5239059324661248,314
B0007,414,116,2008-05-15,24.0,1.5186675419100615,313
B0007,418,117,2008-05-15,24.0,1.5136482266426952,312
B0007,422,118,2008-05-15,24.0,1.5136050185229033,312
B0007,426,119,2008-05-15,24.0,1.5139470614867965,312
B0007,430,120,2008-05-16,24.0,1.5339599193158786,314
B0007,432,121,2008-05-16,24.0,1.5391372798653098,315
B0007,436,122,2008-05-17,24.0,1.5236247972838737,313
B0007,440,123,2008-05-17,24.0,1.5135813035589147,312
B0007,444,124,2008-05-17,24.0,1.5077850749847914,311
B0007,448,125,2008-05-17,24.0,1.5031960676037333,311
B0007,452,126,2008-05-17,24.0,1.4978220596995881,309
B0007,456,127,2008-05-18,24.0,1.492848534633516,309
B0007,460,128,2008-05-18,24.0,1.492414389867026,309
B0007,464,129,2008-05-18,24.0,1.487482776538081,308
B0007,468,130,2008-05-18,24.0,1.482535148640411,307
B0007,472,131,2008-05-18,24.0,1.4827874322228984,307
B0007,476,132,2008-05-19,24.0,1.476971179775059,307
B0007,480,133,2008-05-19,24.0,1.4819015554137276,308
B0007,482,134,2008-05-19,24.0,1.4981366198874824,309
B0007,484,135,2008-05-20,24.0,1.4820775214392872,308
B0007,488,136,2008-05-20,24.0,1.4771155312812152,307
B0007,492,137,2008-05-20,24.0,1.4720772783056488,306
B0007,496,138,2008-05-20,24.0,1.472248013656454,306
B0007,500,139,2008-05-20,24.0,1.4670106672274665,306
B0007,504,140,2008-05-21,24.0,1.4617672495335379,305
B0007,508,141,2008-05-21,24.0,1.4566952670489708,304
B0007,512,142,2008-05-21,24.0,1.451354972758956,304
B0007,516,143,2008-05-21,24.0,1.451615926257375,304
B0007,520,144,2008-05-21,24.0,1.4468161332173683,303
B0007,524,145,2008-05-22,24.0,1.4467570607768785,303
B0007,528,146,2008-05-22,24.0,1.4413797481446793,302
B0007,532,147,2008-05-22,24.0,1.4362456252208178,302
B0007,536,148,2008-05-22,24.0,1.4368154153924828,302
B0007,540,149,2008-05-22,24.0,1.4362945145860047,301
B0007,544,150,2008-05-23,24.0,1.4418575315878015,302
B0007,547,151,2008-05-23,24.0,1.4672063484781797,305
B0007,551,152,2008-05-24,24.0,1.4518640367848885,303
B0007,555,153,2008-05-24,24.0,1.4471379752748499,302
B0007,559,154,2008-05-24,24.0,1.441790586562399,302
B0007,563,155,2008-05-24,24.0,1.431630947911111,301
B0007,567,156,2008-05-24,24.0,1.4318084249673686,301
B0007,571,157,2008-05-25,24.0,1.4262562585106868,300
B0007,575,158,2008-05-25,24.0,1.4260877528924913,300
B0007,579,159,2008-05-25,24.0,1.4212633510031694,299
B0007,583,160,2008-05-25,24.0,1.4163272748795108,299
B0007,587,161,2008-05-25,24.0,1.4165781829175994,298
B0007,591,162,2008-05-26,24.0,1.4108401729425177,298
B0007,595,163,2008-05-26,24.0,1.4109949628347804,298
B0007,599,164,2008-05-26,24.0,1.4061714290398801,297
B0007,603,165,2008-05-26,24.0,1.4063358479692922,297
B0007,607,166,2008-05-26,24.0,1.4004552399066514,297
B0007,611,167,2008-05-27,24.0,1.4217865046055154,298
B0007,613,168,2008-05-27,24.0,1.4324552720625434,300
B0018,2,1,2008-07-07,24.0,1.8550045207910817,366
B0018,6,2,2008-07-07,24.0,1.8431955317089987,362
B0018,10,3,2008-07-08,24.0,1.8396018424355423,358
B0018,14,4,2008-07-08,24.0,1.8306736044962053,355
B0018,17,5,2008-07-08,24.0,1.8327002069419656,354
B0018,19,6,2008-07-08,24.0,1.8285288846046388,351
B0018,21,7,2008-07-09,24.0,1.8212011895697924,348
B0018,23,8,2008-07-09,24.0,1.8151700106433282,345
B0018,26,9,2008-07-09,24.0,1.8042980520967649,342
B0018,29,10,2008-07-10,24.0,1.8231002302844226,343
B0018,31,11,2008-07-10,24.0,1.8121253520255494,340
B0018,33,12,2008-07-11,24.0,1.8046916382117766,337
B0018,35,13,2008-07-11,24.0,1.790844349786295,334
B0018,38,14,2008-07-11,24.0,1.783470722841926,331
B0018,41,15,2008-07-11,24.0,1.7809386125310702,330
B0018,43,16,2008-07-11,24.0,1.771209039672698,327
B0018,45,17,2008-07-11,24.0,1.7686303996707076,325
B0018,47,18,2008-07-12,24.0,1.7536304801917124,323
B0018,50,19,2008-07-12,24.0,1.7462197416415093,320
B0018,53,20,2008-07-12,24.0,1.7376647337053737,317
B0018,55,21,2008-07-12,24.0,1.7315166735475835,315
B0018,57,22,2008-07-12,24.0,1.7085949894470602,314
B0018,59,23,2008-07-12,24.0,1.711469957068211,311
B0018,62,24,2008-07-13,24.0,1.7075021373272627,309
B0018,65,25,2008-07-14,24.0,1.7492382064360228,312
B0018,67,26,2008-07-14,24.0,1.7327697147429955,310
B0018,69,27,2008-07-14,24.0,1.7222313328292376,308
B0018,71,28,2008-07-15,24.0,1.711846298984729,306
B0018,74,29,2008-07-15,24.0,1.699267835126687,304
B0018,77,30,2008-07-15,24.0,1.6940366439243106,302
B0018,79,31,2008-07-15,24.0,1.6819027078768087,300
B0018,81,32,2008-07-15,24.0,1.6769770618433686,298
B0018,83,33,2008-07-15,24.0,1.6655229306478936,296
B0018,86,34,2008-07-16,24.0,1.6571924575832084,295
B0018,89,35,2008-07-16,24.0,1.6482241555294048,292
B0018,91,36,2008-07-16,24.0,1.6387701497987262,281
B0018,93,37,2008-07-16,24.0,1.6276486907262062,289
B0018,95,38,2008-07-16,24.0,1.62215370227252,287
B0018,98,39,2008-07-16,24.0,1.6140066510467586,286
B0018,101,40,2008-07-18,24.0,1.6760516154424623,288
B0018,103,41,2008-07-18,24.0,1.649300642552199,286
B0018,105,42,2008-07-19,24.0,1.63238299185809,283
B0018,107,43,2008-07-19,24.0,1.6164159719025777,281
B0018,110,44,2008-07-19,24.0,1.6109028378249377,279
B0018,113,45,2008-07-19,24.0,1.5954638693695657,277
B0018,116,46,2008-07-29,24.0,1.726707440085764,301
B0018,118,47,2008-07-29,24.0,1.7165673917429753,298
B0018,120,48,2008-07-30,24.0,1.6958235570934848,295
B0018,122,49,2008-07-30,24.0,1.6777783190792557,292
B0018,124,50,2008-07-30,24.0,1.6606586897774192,290
B0018,127,51,2008-07-30,24.0,1.6664109274827466,289
B0018,129,52,2008-07-30,24.0,1.6468336174407805,286
B0018,131,53,2008-07-31,24.0,1.6257639928779952,284
B0018,133,54,2008-07-31,24.0,1.6121577411874595,281
B0018,135,55,2008-07-31,24.0,1.6057366823755344,280
B0018,140,56,2008-08-01,24.0,1.673645314879889,279
B0018,142,57,2008-08-01,24.0,1.6404348572349936,279
B0018,144,58,2008-08-02,24.0,1.6132653317422077,276
B0018,146,59,2008-08-02,24.0,1.5920964324686278,273
B0018,149,60,2008-08-02,24.0,1.5866011820698824,271
B0018,152,61,2008-08-02,24.0,1.5800766490336253,269
B0018,154,62,2008-08-02,24.0,1.5641732953289167,267
B0018,156,63,2008-08-02,24.0,1.555618272193922,265
B0018,158,64,2008-08-03,24.0,1.5402045278637397,263
B0018,161,65,2008-08-03,24.0,1.5321613015959863,261
B0018,164,66,2008-08-03,24.0,1.5316232403693415,259
B0018,166,67,2008-08-03,24.0,1.5222595950771978,257
B0018,168,68,2008-08-03,24.0,1.5065267126851283,256
B0018,170,69,2008-08-03,24.0,1.5014219556532926,253
B0018,173,70,2008-08-04,24.0,1.4963534117486457,252
B0018,176,71,2008-08-04,24.0,1.5334262000312422,255
B0018,178,72,2008-08-04,24.0,1.523845267514426,253
B0018,180,73,2008-08-05,24.0,1.5011920994261239,251
B0018,182,74,2008-08-05,24.0,1.492417671450291,249
B0018,184,75,2008-08-05,24.0,1.483323851940123,247
B0018,187,76,2008-08-05,24.0,1.4807376792294196,245
B0018,189,77,2008-08-05,24.0,1.4735077809902477,243
B0018,191,78,2008-08-05,24.0,1.46801928526661,242
B0018,193,79,2008-08-06,24.0,1.4580923557119019,241
B0018,196,80,2008-08-06,24.0,1.4478660988891399,239
B0018,199,81,2008-08-06,24.0,1.4527808777541982,238
B0018,201,82,2008-08-06,24.0,1.4425356364492432,236
B0018,203,83,2008-08-06,24.0,1.4392712877203313,235
B0018,205,84,2008-08-06,24.0,1.4286475681888218,234
B0018,208,85,2008-08-07,24.0,1.4249026750004896,233
B0018,211,86,2008-08-07,24.0,1.4698115324524124,237
B0018,213,87,2008-08-07,24.0,1.4525819651050202,234
B0018,215,88,2008-08-08,24.0,1.442834198908794,232
B0018,217,89,2008-08-08,24.0,1.428376058807949,230
B0018,219,90,2008-08-08,24.0,1.4154547844370715,229
B0018,222,91,2008-08-08,24.0,1.454576670077708,230
B0018,224,92,2008-08-08,24.0,1.4283179548274056,229
B0018,226,93,2008-08-09,24.0,1.4197026883204058,227
B0018,228,94,2008-08-09,24.0,1.4155606630306516,226
B0018,231,95,2008-08-09,24.0,1.405680035419228,224
B0018,234,96,2008-08-09,24.0,1.4084461071166137,223
B0018,236,97,2008-08-09,24.0,1.3968547782872414,222
B0018,238,98,2008-08-09,24.0,1.3935670371440676,221
B0018,240,99,2008-08-10,24.0,1.3893644292809475,219
B0018,243,100,2008-08-10,24.0,1.3785651415666713,216
B0018,246,101,2008-08-10,24.0,1.384901110085747,218
B0018,248,102,2008-08-10,24.0,1.3703251814242443,217
B0018,250,103,2008-08-10,24.0,1.3733464385229082,216
B0018,252,104,2008-08-10,24.0,1.3679487285504814,215
B0018,255,105,2008-08-11,24.0,1.3567141087089647,214
B0018,258,106,2008-08-14,24.0,1.4604310209194575,223
B0018,260,107,2008-08-14,24.0,1.4500998937104097,222
B0018,262,108,2008-08-14,24.0,1.4381406901824496,221
B0018,264,109,2008-08-15,24.0,1.4283681980964316,208
B0018,266,110,2008-08-15,24.0,1.4147874517552432,217
B0018,269,111,2008-08-15,24.0,1.413889163393182,205
B0018,271,112,2008-08-15,24.0,1.3989331662177225,215
B0018,273,113,2008-08-15,24.0,1.3953322584033976,214
B0018,275,114,2008-08-15,24.0,1.390046129540245,213
B0018,278,115,2008-08-15,24.0,1.3860271454209647,212
B0018,281,116,2008-08-16,24.0,1.388215260193751,211
B0018,283,117,2008-08-16,24.0,1.3761826562394497,209
B0018,285,118,2008-08-16,24.0,1.3647168898640165,208
B0018,287,119,2008-08-16,24.0,1.3589854739373584,207
B0018,290,120,2008-08-16,24.0,1.3462308764008801,201
B0018,293,121,2008-08-18,24.0,1.4268427818454643,212
B0018,295,122,2008-08-18,24.0,1.4064481483279663,211
B0018,297,123,2008-08-18,24.0,1.3934907492075153,209
B0018,299,124,2008-08-19,24.0,1.3882493512249316,208
B0018,301,125,2008-08-19,24.0,1.3701878338420928,206
B0018,304,126,2008-08-19,24.0,1.3796951665608619,206
B0018,306,127,2008-08-19,24.0,1.3686586323935683,204
B0018,308,128,2008-08-19,24.0,1.3627371779096438,204
B0018,310,129,2008-08-19,24.0,1.3634051133928073,204
B0018,313,130,2008-08-20,24.0,1.3518646035305233,202
B0018,316,131,2008-08-20,24.0,1.3547969729652622,201
B0018,318,132,2008-08-20,24.0,1.341051440640485,200
B0025,3,1,2009-02-13,24.0,1.847011162956716,641
B0025,5,2,2009-02-14,24.0,1.8485654344528386,637
B0025,7,3,2009-02-14,24.0,1.847111177186175,631
B0025,9,4,2009-02-14,24.0,1.8489837601535537,625
B0025,11,5,2009-02-14,24.0,1.8370120718560439,621
B0025,15,6,2009-02-18,24.0,1.817549211247137,611
B0025,19,7,2009-02-18,24.0,1.839863822522073,613
B0025,22,8,2009-02-19,24.0,1.8430595619731431,607
B0025,24,9,2009-02-19,24.0,1.8401871729536057,603
B0025,26,10,2009-02-19,24.0,1.8281265632888257,599
B0025,30,11,2009-02-20,24.0,1.8253563336445804,595
B0025,34,12,2009-02-20,24.0,1.8214180552626154,593
B0025,36,13,2009-02-20,24.0,1.830315627968932,589
B0025,38,14,2009-02-21,24.0,1.8175491643824844,585
B0025,40,15,2009-02-21,24.0,1.810901200296979,581
B0025,42,16,2009-02-21,24.0,1.8083032603084233,577
B0025,46,17,2009-03-02,24.0,1.7928016149381065,565
B0025,50,18,2009-03-02,24.0,1.812563150045885,559
B0025,52,19,2009-03-03,24.0,1.807772607491239,567
B0025,54,20,2009-03-03,24.0,1.8048055175003972,563
B0025,56,21,2009-03-03,24.0,1.800538555899242,559
B0025,58,22,2009-03-03,24.0,1.7942356098033032,557
B0025,65,23,2009-03-05,24.0,1.807409052434889,555
B0025,67,24,2009-03-05,24.0,1.7902504816962075,549
B0025,69,25,2009-03-06,24.0,1.7961223845359495,545
B0025,71,26,2009-03-06,24.0,1.7912236690350776,541
B0025,73,27,2009-03-06,24.0,1.7854822365303245,539
B0025,77,28,2009-03-19,24.0,1.7677890780323617,531
B0026,3,1,2009-02-13,24.0,1.8132504303869899,641
B0026,5,2,2009-02-14,24.0,1.8149760087078302,637
B0026,7,3,2009-02-14,24.0,1.8135354175561993,631
B0026,9,4,2009-02-14,24.0,1.815149273310334,625
B0026,11,5,2009-02-14,24.0,1.8142913014068198,621
B0026,15,6,2009-02-18,24.0,1.3863373424430125,611
B0026,19,7,2009-02-18,24.0,1.8165277958816064,613
B0026,22,8,2009-02-19,24.0,1.8085638576011063,607
B0026,24,9,2009-02-19,24.0,1.804936077644182,603
B0026,26,10,2009-02-19,24.0,1.8049315924982108,599
B0026,30,11,2009-02-20,24.0,1.717679232699393,595
B0026,34,12,2009-02-20,24.0,1.809804813280106,593
B0026,36,13,2009-02-20,24.0,1.806556213274488,589
B0026,38,14,2009-02-21,24.0,1.7938155707698507,585
B0026,40,15,2009-02-21,24.0,1.799304949381792,581
B0026,42,16,2009-02-21,24.0,1.7842197448470132,577
B0026,46,17,2009-03-02,24.0,1.6818819918515189,565
B0026,50,18,2009-03-02,24.0,1.8007519383961936,559
B0026,52,19,2009-03-03,24.0,1.795972684272296,567
B0026,54,20,2009-03-03,24.0,1.7931026940553298,563
B0026,56,21,2009-03-03,24.0,1.8010267542068712,559
B0026,58,22,2009-03-03,24.0,1.7824572301269948,557
B0026,65,23,2009-03-05,24.0,1.7959303030608789,555
B0026,67,24,2009-03-05,24.0,1.7783142127341003,549
B0026,69,25,2009-03-06,24.0,1.771719092984802,545
B0026,71,26,2009-03-06,24.0,1.7790749489536772,541
B0026,73,27,2009-03-06,24.0,1.7733229782464675,539
B0026,77,28,2009-03-19,24.0,1.768754111010884,531
B0027,3,1,2009-02-13,24.0,1.8233077742149364,641
B0027,5,2,2009-02-14,24.0,1.8142384651167962,637
B0027,7,3,2009-02-14,24.0,1.8128596793130867,631
B0027,9,4,2009-02-14,24.0,1.8144242446739973,625
B0027,11,5,2009-02-14,24.0,1.812800333853042,621
B0027,15,6,2009-02-18,24.0,1.7946038703195293,611
B0027,19,7,2009-02-18,24.0,1.816519171293833,613
B0027,22,8,2009-02-19,24.0,1.8198335565190242,607
B0027,24,9,2009-02-19,24.0,1.816980986440728,603
B0027,26,10,2009-02-19,24.0,1.8047602710768988,599
B0027,30,11,2009-02-20,24.0,1.8021778881408677,595
B0027,34,12,2009-02-20,24.0,1.810054375611175,593
B0027,36,13,2009-02-20,24.0,1.8191618703574552,589
B0027,38,14,2009-02-21,24.0,1.806344581230731,585
B0027,40,15,2009-02-21,24.0,1.8120006378747944,581
B0027,42,16,2009-02-21,24.0,1.809238569578753,577
B0027,46,17,2009-03-02,24.0,1.7820717716005336,565
B0027,50,18,2009-03-02,24.0,1.8145504562341046,559
B0027,52,19,2009-03-03,24.0,1.809153485164282,567
B0027,54,20,2009-03-03,24.0,1.8065551508093707,563
B0027,56,21,2009-03-03,24.0,1.802401655959492,559
B0027,58,22,2009-03-03,24.0,1.7964331683322998,557
B0027,65,23,2009-03-05,24.0,1.8088036930508289,555
B0027,67,24,2009-03-05,24.0,1.7915527748749653,549
B0027,69,25,2009-03-06,24.0,1.7853375192239571,545
B0027,71,26,2009-03-06,24.0,1.793209210325309,541
B0027,73,27,2009-03-06,24.0,1.7873097711102113,539
B0027,77,28,2009-03-19,24.0,1.7700926253324452,531
B0028,3,1,2009-02-13,24.0,1.8046847720100736,641
B0028,5,2,2009-02-14,24.0,1.8047833214525881,637
B0028,7,3,2009-02-14,24.0,1.797618668222458,631
B0028,9,4,2009-02-14,24.0,1.7929913687761174,625
B0028,11,5,2009-02-14,24.0,1.7919180081592216,621
B0028,15,6,2009-02-18,24.0,1.775026135903797,611
B0028,19,7,2009-02-18,24.0,1.7920487852223415,613
B0028,22,8,2009-02-19,24.0,1.790475801581265,607
B0028,24,9,2009-02-19,24.0,1.7868365091987264,603
B0028,26,10,2009-02-19,24.0,1.7871529619962185,599
B0028,30,11,2009-02-20,24.0,1.7816340617009505,595
B0028,34,12,2009-02-20,24.0,1.7850235136604733,593
B0028,36,13,2009-02-20,24.0,1.7803865429693038,589
B0028,38,14,2009-02-21,24.0,1.7789060856417256,585
B0028,40,15,2009-02-21,24.0,1.7738387518973049,581
B0028,42,16,2009-02-21,24.0,1.769682881523146,577
B0028,46,17,2009-03-02,24.0,1.7408787283206992,565
B0028,50,18,2009-03-02,24.0,1.7648189744011906,559
B0028,52,19,2009-03-03,24.0,1.7617857390844023,567
B0028,54,20,2009-03-03,24.0,1.75770610357021,563
B0028,56,21,2009-03-03,24.0,1.7519375960601256,559
B0028,58,22,2009-03-03,24.0,1.7521244035832177,557
B0028,65,23,2009-03-05,24.0,1.7597714133989641,555
B0028,67,24,2009-03-05,24.0,1.7483011320324189,549
B0028,69,25,2009-03-06,24.0,1.7411482627836237,545
B0028,71,26,2009-03-06,24.0,1.7363833316311177,541
B0028,73,27,2009-03-06,24.0,1.736559066269527,539
B0028,77,28,2009-03-19,24.0,1.7172335652295245,531
B0029,1,1,2009-04-07,43.0,1.697507332205763,169
B0029,3,2,2009-04-07,43.0,1.844701206961174,184
B0029,5,3,2009-04-07,43.0,1.8254376674722927,181
B0029,7,4,2009-04-08,43.0,1.815750429913437,179
B0029,9,5,2009-04-08,43.0,1.8132993337127028,177
B0029,13,6,2009-04-09,43.0,1.8151647619660576,175
B0029,15,7,2009-04-09,43.0,1.8143317955190057,174
B0029,17,8,2009-04-09,43.0,1.801343601809866,172
B0029,19,9,2009-04-09,43.0,1.7881558802945825,170
B0029,21,10,2009-04-09,43.0,1.7760714604539518,168
B0029,25,11,2009-04-10,43.0,1.7852807447597443,168
B0029,27,12,2009-04-10,43.0,1.7698116401111978,167
B0029,29,13,2009-04-10,43.0,1.7565231680521758,165
B0029,31,14,2009-04-10,43.0,1.7543413277348154,163
B0029,33,15,2009-04-11,43.0,1.7392875506998715,162
B0029,37,16,2009-04-13,43.0,1.7797845109331345,163
B0029,39,17,2009-04-13,43.0,1.7657088508465202,163
B0029,41,18,2009-04-13,43.0,1.7523941408724169,161
B0029,43,19,2009-04-13,43.0,1.7380191225603105,159
B0029,45,20,2009-04-13,43.0,1.7312214443143976,158
B0029,49,21,2009-04-14,43.0,1.7379128985265808,158
B0029,51,22,2009-04-14,43.0,1.7224270683625882,157
B0029,53,23,2009-04-14,43.0,1.7184213765608034,155
B0029,55,24,2009-04-14,43.0,1.7010220930648232,154
B0029,57,25,2009-04-14,43.0,1.693698739563104,153
B0029,61,26,2009-04-15,43.0,1.713072721286705,154
B0029,63,27,2009-04-15,43.0,1.6976972688567131,152
B0029,65,28,2009-04-15,43.0,1.6899314034061208,151
B0029,67,29,2009-04-16,43.0,1.685023551367069,149
B0029,69,30,2009-04-16,43.0,1.678389965463405,148
B0029,73,31,2009-04-16,43.0,1.6737947494868326,148
B0029,75,32,2009-04-16,43.0,1.6687898927884715,147
B0029,77,33,2009-04-16,43.0,1.6492566306631427,146
B0029,79,34,2009-04-16,43.0,1.6409676757039668,145
B0029,81,35,2009-04-16,43.0,1.6456360229757092,144
B0029,85,36,2009-04-17,43.0,1.654547743574037,145
B0029,87,37,2009-04-17,43.0,1.6461201520877546,144
B0029,89,38,2009-04-17,43.0,1.6275119188151763,142
B0029,91,39,2009-04-17,43.0,1.6200530533464497,141
B0029,93,40,2009-04-17,43.0,1.612079811711934,140
B0030,1,1,2009-04-07,43.0,1.6560706096175404,169
B0030,3,2,2009-04-07,43.0,1.7815548749509116,184
B0030,5,3,2009-04-07,43.0,1.761969227822918,181
B0030,7,4,2009-04-08,43.0,1.751755031874225,179
B0030,9,5,2009-04-08,43.0,1.7381688070362076,177
B0030,13,6,2009-04-09,43.0,1.7506745293461339,175
B0030,15,7,2009-04-09,43.0,1.7491047649061158,174
B0030,17,8,2009-04-09,43.0,1.7252544028765475,172
B0030,19,9,2009-04-09,43.0,1.7112621367644252,170
B0030,21,10,2009-04-09,43.0,1.6990418392711273,168
B0030,25,11,2009-04-10,43.0,1.7185770039532977,168
B0030,27,12,2009-04-10,43.0,1.70324722921867,167
B0030,29,13,2009-04-10,43.0,1.689458044662304,165
B0030,31,14,2009-04-10,43.0,1.6756136292719177,163
B0030,33,15,2009-04-11,43.0,1.6718407140871654,162
B0030,37,16,2009-04-13,43.0,1.7233056681204446,163
B0030,39,17,2009-04-13,43.0,1.709207290507283,163
B0030,41,18,2009-04-13,43.0,1.684001734344571,161
B0030,43,19,2009-04-13,43.0,1.66898698813004,159
B0030,45,20,2009-04-13,43.0,1.6620689362837142,158
B0030,49,21,2009-04-14,43.0,1.6687049625248174,158
B0030,51,22,2009-04-14,43.0,1.652762183550463,157
B0030,53,23,2009-04-14,43.0,1.648481366235244,155
B0030,55,24,2009-04-14,43.0,1.6307406443132095,154
B0030,57,25,2009-04-14,43.0,1.62323023017929,153
B0030,61,26,2009-04-15,43.0,1.6541906540394393,154
B0030,63,27,2009-04-15,43.0,1.638514396616985,152
B0030,65,28,2009-04-15,43.0,1.618847673357618,151
B0030,67,29,2009-04-16,43.0,1.6134212267751404,149
B0030,69,30,2009-04-16,43.0,1.6066443601761986,148
B0030,73,31,2009-04-16,43.0,1.6138387876938998,148
B0030,75,32,2009-04-16,43.0,1.596329501327274,147
B0030,77,33,2009-04-16,43.0,1.5890785867406987,146
B0030,79,34,2009-04-16,43.0,1.5805481432309574,145
B0030,81,35,2009-04-16,43.0,1.5846131054270807,144
B0030,85,36,2009-04-17,43.0,1.5936651221220735,145
B0030,87,37,2009-04-17,43.0,1.5849874126960888,144
B0030,89,38,2009-04-17,43.0,1.5787064969416462,142
B0030,91,39,2009-04-17,43.0,1.570705516096967,141
B0030,93,40,2009-04-17,43.0,1.562780404428482,140
B0031,1,1,2009-04-07,43.0,1.6666751942525773,169
B0031,3,2,2009-04-07,43.0,1.8328583629543174,184
B0031,5,3,2009-04-07,43.0,1.8139835002945137,181
B0031,7,4,2009-04-08,43.0,1.8044387333514835,179
B0031,9,5,2009-04-08,43.0,1.802147684291295,177
B0031,13,6,2009-04-09,43.0,1.7715647509798835,175
B0031,15,7,2009-04-09,43.0,1.8139928165779542,174
B0031,17,8,2009-04-09,43.0,1.8013261041198854,172
B0031,19,9,2009-04-09,43.0,1.7883722583933568,170
B0031,21,10,2009-04-09,43.0,1.7765401657373159,168
B0031,25,11,2009-04-10,43.0,1.7856209131823229,168
B0031,27,12,2009-04-10,43.0,1.7813634036685941,167
B0031,29,13,2009-04-10,43.0,1.7684898383971241,165
B0031,31,14,2009-04-10,43.0,1.766505238291406,163
B0031,33,15,2009-04-11,43.0,1.751740527921767,162
B0031,37,16,2009-04-13,43.0,1.7352349314055016,163
B0031,39,17,2009-04-13,43.0,1.7782778274549178,163
B0031,41,18,2009-04-13,43.0,1.7649894859707393,161
B0031,43,19,2009-04-13,43.0,1.762591283533551,159
B0031,45,20,2009-04-13,43.0,1.744314576121582,158
B0031,49,21,2009-04-14,43.0,1.7628373753518478,158
B0031,51,22,2009-04-14,43.0,1.747857930947971,157
B0031,53,23,2009-04-14,43.0,1.7441167338864993,155
B0031,55,24,2009-04-14,43.0,1.7268422932817387,154
B0031,57,25,2009-04-14,43.0,1.7203093493042265,153
B0031,61,26,2009-04-15,43.0,1.7394245516699778,154
B0031,63,27,2009-04-15,43.0,1.7367384416372014,152
B0031,65,28,2009-04-15,43.0,1.716963468448543,151
B0031,67,29,2009-04-16,43.0,1.7127773558366357,149
B0031,69,30,2009-04-16,43.0,1.7061083466554066,148
B0031,73,31,2009-04-16,43.0,1.713732696207521,148
B0031,75,32,2009-04-16,43.0,1.7093475797926974,147
B0031,77,33,2009-04-16,43.0,1.6901000454115587,146
B0031,79,34,2009-04-16,43.0,1.6946883343387664,145
B0031,81,35,2009-04-16,43.0,1.687010991299212,144
B0031,85,36,2009-04-17,43.0,1.6957069027070075,145
B0031,87,37,2009-04-17,43.0,1.687696889615565,144
B0031,89,38,2009-04-17,43.0,1.6819617127259294,142
B0031,91,39,2009-04-17,43.0,1.6750033888978846,141
B0031,93,40,2009-04-17,43.0,1.6672987794846676,140
B0032,1,1,2009-04-07,43.0,1.7048641073512139,169
B0032,3,2,2009-04-07,43.0,1.8940319526948572,184
B0032,5,3,2009-04-07,43.0,1.8747686491853095,181
B0032,7,4,2009-04-08,43.0,1.8654947184112376,179
B0032,9,5,2009-04-08,43.0,1.8527398169018068,177
B0032,13,6,2009-04-09,43.0,1.844174397003866,175
B0032,15,7,2009-04-09,43.0,1.8430238477512753,174
B0032,17,8,2009-04-09,43.0,1.8302818174911863,172
B0032,19,9,2009-04-09,43.0,1.8173838456081814,170
B0032,21,10,2009-04-09,43.0,1.8057992981104682,168
B0032,25,11,2009-04-10,43.0,1.8149829605049186,168
B0032,27,12,2009-04-10,43.0,1.7995150369321797,167
B0032,29,13,2009-04-10,43.0,1.7866516942518147,165
B0032,31,14,2009-04-10,43.0,1.7735550719416031,163
B0032,33,15,2009-04-11,43.0,1.769995333364443,162
B0032,37,16,2009-04-13,43.0,1.799526080374287,163
B0032,39,17,2009-04-13,43.0,1.7968530684449833,163
B0032,41,18,2009-04-13,43.0,1.7838265504081745,161
B0032,43,19,2009-04-13,43.0,1.7696444491040102,159
B0032,45,20,2009-04-13,43.0,1.7512940457049684,158
B0032,49,21,2009-04-14,43.0,1.7697554297961993,158
B0032,51,22,2009-04-14,43.0,1.7547726933914918,157
B0032,53,23,2009-04-14,43.0,1.7389166355812984,155
B0032,55,24,2009-04-14,43.0,1.7337200518764075,154
B0032,57,25,2009-04-14,43.0,1.7150972597500092,153
B0032,61,26,2009-04-15,43.0,1.7462926148815636,154
B0032,63,27,2009-04-15,43.0,1.719149261914565,152
B0032,65,28,2009-04-15,43.0,1.711582246191498,151
B0032,67,29,2009-04-16,43.0,1.6951051195225901,149
B0032,69,30,2009-04-16,43.0,1.7005124371100973,148
B0032,73,31,2009-04-16,43.0,1.7080989351250158,148
B0032,75,32,2009-04-16,43.0,1.691435430587127,147
B0032,77,33,2009-04-16,43.0,1.6844494328889932,146
B0032,79,34,2009-04-16,43.0,1.664037581688075,145
B0032,81,35,2009-04-16,43.0,1.6686372014231974,144
B0032,85,36,2009-04-17,43.0,1.6899344075625968,145
B0032,87,37,2009-04-17,43.0,1.669431712846442,144
B0032,89,38,2009-04-17,43.0,1.6634226761839213,142
B0032,91,39,2009-04-17,43.0,1.6436152195947373,141
B0032,93,40,2009-04-17,43.0,1.6358000873538245,140
B0033,0,1,2009-06-19,24.0,0.06842572240601812,190
B0033,4,2,2009-06-19,24.0,0.6895699007862814,338
B0033,6,3,2009-06-20,24.0,1.1610848192311252,337
B0033,8,4,2009-06-20,24.0,1.2529393053824995,335
B0033,10,5,2009-06-20,24.0,1.302918002447558,332
B0033,12,6,2009-06-20,24.0,1.3218773211472525,329
B0033,16,7,2009-06-20,24.0,1.2884694418301417,326
B0033,18,8,2009-06-20,24.0,1.713169326386719,325
B0033,20,9,2009-06-21,24.0,1.6560966776720512,323
B0033,22,10,2009-06-21,24.0,1.6197297341990775,321
B0033,24,11,2009-06-21,24.0,1.604655812282729,319
B0033,28,12,2009-06-21,24.0,1.6255699769029337,317
B0033,30,13,2009-06-21,24.0,1.5900967306245992,315
B0033,32,14,2009-06-21,24.0,1.5739402299623984,313
B0033,34,15,2009-06-22,24.0,1.5711303351557309,311
B0033,36,16,2009-06-22,24.0,1.5897706153457416,310
B0033,40,17,2009-06-22,24.0,1.6257378771074,309
B0033,42,18,2009-06-22,24.0,1.6523506333962537,309
B0033,44,19,2009-06-22,24.0,1.6143816761595386,306
B0033,46,20,2009-06-23,24.0,1.58697453394504,303
B0033,48,21,2009-06-23,24.0,1.5818355572787333,301
B0033,52,22,2009-06-26,24.0,1.6919769406371152,301
B0033,56,23,2009-06-26,24.0,1.6879483800354476,302
B0033,58,24,2009-06-27,24.0,1.6586223007531458,300
B0033,60,25,2009-06-27,24.0,1.6420179032789863,298
B0033,62,26,2009-06-27,24.0,1.6381810791118743,296
B0033,64,27,2009-06-27,24.0,1.6422892507912386,294
B0033,68,28,2009-06-27,24.0,1.651270876264092,293
B0033,70,29,2009-06-27,24.0,1.6326559297917211,291
B0033,72,30,2009-06-28,24.0,1.6260888111680731,290
B0033,74,31,2009-06-28,24.0,1.6079292963823688,288
B0033,76,32,2009-06-28,24.0,1.6125361114907395,286
B0033,80,33,2009-06-28,24.0,1.6218384168987892,285
B0033,82,34,2009-06-28,24.0,1.6145443029101134,284
B0033,84,35,2009-06-28,24.0,1.5953958917107596,282
B0033,86,36,2009-06-29,24.0,1.5877243027113057,281
B0033,88,37,2009-06-29,24.0,1.5811840578305605,279
B0033,92,38,2009-06-29,24.0,1.6128422608267754,280
B0033,94,39,2009-06-29,24.0,1.61998606328022,279
B0033,96,40,2009-06-29,24.0,1.6099381853611876,277
B0033,98,41,2009-06-29,24.0,1.5770977539565159,275
B0033,100,42,2009-06-30,24.0,1.5708599066554392,273
B0033,104,43,2009-07-01,24.0,1.6261581345348248,274
B0033,108,44,2009-07-01,24.0,1.6348129972245726,275
B0033,110,45,2009-07-01,24.0,1.6117053637342613,274
B0033,112,46,2009-07-14,24.0,1.8851401699720662,308
B0033,116,47,2009-07-14,24.0,1.6584957887780232,273
B0033,118,48,2009-07-15,24.0,1.62418934644937,271
B0033,120,49,2009-07-15,24.0,1.6041720988563641,270
B0033,122,50,2009-07-15,24.0,1.6080016740907346,270
B0033,124,51,2009-07-15,24.0,1.6256752138435595,269
B0033,128,52,2009-07-15,24.0,1.617632765910718,268
B0033,130,53,2009-07-15,24.0,1.5973191489094263,266
B0033,132,54,2009-07-16,24.0,1.5875852250170606,265
B0033,134,55,2009-07-16,24.0,1.5802530015403684,264
B0033,136,56,2009-07-16,24.0,1.583036530487776,263
B0033,140,57,2009-07-16,24.0,1.6027138832797037,263
B0033,142,58,2009-07-16,24.0,1.5930709154513834,262
B0033,144,59,2009-07-16,24.0,1.5448888685020246,260
B0033,146,60,2009-07-17,24.0,1.5352188565640517,258
B0033,148,61,2009-07-17,24.0,1.5252677314227332,257
B0033,152,62,2009-07-17,24.0,1.5559492005453626,258
B0033,154,63,2009-07-17,24.0,1.5648029438427147,257
B0033,156,64,2009-07-17,24.0,1.5518620461881205,256
B0033,158,65,2009-07-17,24.0,1.5144550545105004,254
B0033,160,66,2009-07-18,24.0,1.5051936202146428,253
B0033,164,67,2009-07-23,24.0,1.605823969917045,255
B0033,168,68,2009-07-23,24.0,1.6249005195877049,257
B0033,170,69,2009-07-23,24.0,1.589785130036615,254
B0033,172,70,2009-07-23,24.0,1.5552386152299904,252
B0033,174,71,2009-07-24,24.0,1.539756404636803,251
B0033,176,72,2009-07-24,24.0,1.5293174002138357,250
B0033,180,73,2009-07-24,24.0,1.547680553576876,250
B0033,182,74,2009-07-24,24.0,1.5659920939439786,250
B0033,184,75,2009-07-24,24.0,1.5416252851780505,248
B0033,186,76,2009-07-24,24.0,1.517590655990168,247
B0033,188,77,2009-07-25,24.0,1.5075202042593092,245
B0033,192,78,2009-07-25,24.0,1.49549282626034,245
B0033,194,79,2009-07-25,24.0,1.4997618811573148,244
B0033,196,80,2009-07-25,24.0,1.4906966807803954,243
B0033,198,81,2009-07-25,24.0,1.4800999425051866,242
B0033,200,82,2009-07-26,24.0,1.4676091496100632,241
B0033,204,83,2009-07-26,24.0,1.4729818491920503,240
B0033,206,84,2009-07-26,24.0,1.4742872137206404,240
B0033,208,85,2009-07-26,24.0,1.4635162808346138,239
B0033,210,86,2009-07-26,24.0,1.4527095680488362,238
B0033,212,87,2009-07-26,24.0,1.4557303847230247,237
B0033,216,88,2009-07-27,24.0,1.459740099618568,237
B0033,218,89,2009-07-27,24.0,1.448711504158192,236
B0033,220,90,2009-07-27,24.0,1.4666759762884336,236
B0033,222,91,2009-07-27,24.0,1.4689502109504418,236
B0033,224,92,2009-07-27,24.0,1.471116588522042,236
B0033,228,93,2009-07-27,24.0,1.4473012364654927,234
B0033,230,94,2009-07-28,24.0,1.4205315547561643,232
B0033,232,95,2009-07-28,24.0,1.4241466094817417,231
B0033,234,96,2009-07-28,24.0,1.4412820083364295,232
B0033,236,97,2009-07-28,24.0,1.4448965388921615,231
B0033,240,98,2009-07-28,24.0,1.4540256354795746,230
B0033,242,99,2009-07-28,24.0,1.4226030447542912,229
B0033,244,100,2009-07-29,24.0,1.410196954589097,228
B0033,246,101,2009-07-29,24.0,1.4144881298999457,227
B0033,248,102,2009-07-29,24.0,1.431360032946153,228
B0033,252,103,2009-07-29,24.0,1.4515133236517528,228
B0033,254,104,2009-07-29,24.0,1.4230376757726733,227
B0033,256,105,2009-07-29,24.0,1.396298696255913,225
B0033,258,106,2009-07-30,24.0,1.3979060730399124,225
B0033,260,107,2009-07-30,24.0,1.4011347560096767,224
B0033,264,108,2009-07-30,24.0,1.436782528945267,225
B0033,266,109,2009-07-30,24.0,1.4370006879546382,225
B0033,268,110,2009-07-30,24.0,1.410355528453481,223
B0033,270,111,2009-07-31,24.0,1.382633397996189,221
B0033,272,112,2009-07-31,24.0,1.3699403583067564,220
B0033,276,113,2009-07-31,24.0,1.3786129327882322,220
B0033,278,114,2009-07-31,24.0,1.8035959863147193,320
B0033,282,115,2009-07-31,24.0,1.4234424290662009,222
B0033,284,116,2009-08-01,24.0,1.3946003892958663,220
B0033,286,117,2009-08-01,24.0,1.3961613987822286,219
B0033,288,118,2009-08-01,24.0,1.384968608315797,218
B0033,290,119,2009-08-01,24.0,1.3715114742475478,217
B0033,294,120,2009-08-01,24.0,1.3616865084879255,216
B0033,296,121,2009-08-01,24.0,1.3796301360966086,216
B0033,298,122,2009-08-02,24.0,1.364231776003204,215
B0033,300,123,2009-08-02,24.0,1.3418414512081456,214
B0033,302,124,2009-08-02,24.0,1.3552215695792247,214
B0033,306,125,2009-08-02,24.0,1.3403860264029774,214
B0033,308,126,2009-08-02,24.0,1.3594078914195438,213
B0033,310,127,2009-08-02,24.0,1.3457100861355502,212
B0033,312,128,2009-08-03,24.0,1.3477611420854358,212
B0033,314,129,2009-08-03,24.0,1.335482103134067,211
B0033,318,130,2009-08-03,24.0,1.353154941842234,213
B0033,320,131,2009-08-03,24.0,1.3709677706044292,213
B0033,322,132,2009-08-03,24.0,1.357426672491866,212
B0033,324,133,2009-08-03,24.0,1.3443678821106904,210
B0033,326,134,2009-08-04,24.0,1.33005823859453,209
B0033,330,135,2009-08-05,24.0,1.4033641858066626,199
B0033,334,136,2009-08-05,24.0,1.3865570950229378,212
B0033,336,137,2009-08-05,24.0,1.3704138176872631,211
B0033,338,138,2009-08-05,24.0,1.325319393635713,209
B0033,340,139,2009-08-06,24.0,0.8439684993200656,208
B0033,342,140,2009-08-06,24.0,0.29866180371583506,206
B0033,346,141,2009-08-06,24.0,0.2344867974702557,207
B0033,348,142,2009-08-06,24.0,0.20256330380725823,207
B0033,350,143,2009-08-06,24.0,0.23531995654070248,205
B0033,352,144,2009-08-06,24.0,0.23550427837482876,204
B0033,354,145,2009-08-07,24.0,0.4304242256752923,203
B0033,358,146,2009-08-07,24.0,0.46436333202696434,203
B0033,360,147,2009-08-07,24.0,0.3994839380247729,204
B0033,362,148,2009-08-07,24.0,1.461469789426299,205
B0033,364,149,2009-08-07,24.0,1.4150999545382532,203
B0033,366,150,2009-08-08,24.0,1.383632373873956,201
B0033,370,151,2009-08-08,24.0,1.3705402893609833,200
B0033,372,152,2009-08-08,24.0,1.3557042566115398,200
B0033,374,153,2009-08-08,24.0,1.3578385793919763,199
B0033,376,154,2009-08-08,24.0,1.3609083979571395,198
B0033,378,155,2009-08-08,24.0,1.3495626547684758,197
B0033,382,156,2009-08-17,24.0,1.1888877132486642,203
B0033,386,157,2009-08-17,24.0,1.5041493934608645,205
B0033,388,158,2009-08-17,24.0,1.4899088638712767,204
B0033,390,159,2009-08-18,24.0,1.475330178643193,203
B0033,392,160,2009-08-18,24.0,1.459830765413703,202
B0033,394,161,2009-08-18,24.0,1.4474169057725728,202
B0033,398,162,2009-08-18,24.0,1.4676323674647154,202
B0033,400,163,2009-08-18,24.0,1.441552493165527,200
B0033,402,164,2009-08-18,24.0,1.418392873584403,199
B0033,404,165,2009-08-19,24.0,1.4031824838852518,198
B0033,406,166,2009-08-19,24.0,1.3911104661211642,197
B0033,410,167,2009-08-19,24.0,1.4086019958134537,198
B0033,412,168,2009-08-19,24.0,1.4137708903948947,197
B0033,414,169,2009-08-19,24.0,1.412472234540845,197
B0033,416,170,2009-08-19,24.0,1.3831900026575588,195
B0033,418,171,2009-08-20,24.0,1.3646098107432565,195
B0033,422,172,2009-08-20,24.0,1.369751365782437,194
B0033,424,173,2009-08-20,24.0,1.3867946911071662,195
B0033,426,174,2009-08-20,24.0,1.3918615875742792,194
B0033,428,175,2009-08-20,24.0,1.377162352180965,193
B0033,430,176,2009-08-20,24.0,1.3599525359390852,192
B0033,434,177,2009-08-21,24.0,1.379779043170725,194
B0033,438,178,2009-08-21,24.0,1.3631373661966442,192
B0033,440,179,2009-08-22,24.0,1.3652295228794809,191
B0033,442,180,2009-08-22,24.0,1.3498620694059131,190
B0033,444,181,2009-08-22,24.0,1.3529504172332432,189
B0033,446,182,2009-08-22,24.0,1.3535740542605128,189
B0033,450,183,2009-08-22,24.0,1.3432225183905024,188
B0033,452,184,2009-08-22,24.0,1.3412081769053426,188
B0033,454,185,2009-08-23,24.0,1.3277389969987805,187
B0033,456,186,2009-08-23,24.0,1.329778900445409,186
B0033,458,187,2009-08-23,24.0,1.3356045028702495,185
B0033,462,188,2009-08-23,24.0,1.3177489685711123,185
B0033,464,189,2009-08-23,24.0,1.317605472474197,184
B0033,466,190,2009-08-23,24.0,1.3185279522072382,183
B0033,468,191,2009-08-24,24.0,1.3215397269813982,182
B0033,470,192,2009-08-24,24.0,1.3046615372928705,182
B0033,474,193,2009-08-24,24.0,1.3280324770208678,184
B0033,476,194,2009-08-24,24.0,1.3634549770713926,184
B0033,478,195,2009-08-24,24.0,1.3291316747402466,182
B0033,480,196,2009-08-25,24.0,1.3124201086917682,180
B0033,482,197,2009-08-25,24.0,1.3152825503676357,179
B0034,0,1,2009-06-19,24.0,0.7459302957645664,190
B0034,4,2,2009-06-19,24.0,1.6623217152845853,338
B0034,6,3,2009-06-20,24.0,1.645087369694532,337
B0034,8,4,2009-06-20,24.0,1.620729289277574,335
B0034,10,5,2009-06-20,24.0,1.5967402025126005,332
B0034,12,6,2009-06-20,24.0,1.4856500618812698,329
B0034,16,7,2009-06-20,24.0,1.4866702197497013,326
B0034,18,8,2009-06-20,24.0,1.4701330958405268,325
B0034,20,9,2009-06-21,24.0,1.4565041801019636,323
B0034,22,10,2009-06-21,24.0,1.4418961035576472,321
B0034,24,11,2009-06-21,24.0,1.4370949588970292,319
B0034,28,12,2009-06-21,24.0,1.4458703624967404,317
B0034,30,13,2009-06-21,24.0,1.4321040545618373,315
B0034,32,14,2009-06-21,24.0,1.426720633302465,313
B0034,34,15,2009-06-22,24.0,1.4230846885129826,311
B0034,36,16,2009-06-22,24.0,1.4409479522418907,310
B0034,40,17,2009-06-22,24.0,1.486901544051865,309
B0034,42,18,2009-06-22,24.0,1.5245313226850703,309
B0034,44,19,2009-06-22,24.0,1.4629049605190707,306
B0034,46,20,2009-06-23,24.0,1.4230794508549893,303
B0034,48,21,2009-06-23,24.0,1.4051040863603435,301
B0034,52,22,2009-06-26,24.0,1.6329463925070862,301
B0034,56,23,2009-06-26,24.0,1.5687138208259117,302
B0034,58,24,2009-06-27,24.0,1.5149520966053402,300
B0034,60,25,2009-06-27,24.0,1.4855182940634626,298
B0034,62,26,2009-06-27,24.0,1.480771929049074,296
B0034,64,27,2009-06-27,24.0,1.484026357317059,294
B0034,68,28,2009-06-27,24.0,1.4922153055506522,293
B0034,70,29,2009-06-27,24.0,1.473312924099279,291
B0034,72,30,2009-06-28,24.0,1.441593178980006,290
B0034,74,31,2009-06-28,24.0,1.4225873198015788,288
B0034,76,32,2009-06-28,24.0,1.4266489379486664,286
B0034,80,33,2009-06-28,24.0,1.4596775560238577,285
B0034,82,34,2009-06-28,24.0,1.4396159938545154,284
B0034,84,35,2009-06-28,24.0,1.4195512657848512,282
B0034,86,36,2009-06-29,24.0,1.4118101714470452,281
B0034,88,37,2009-06-29,24.0,1.4044196701845313,279
B0034,92,38,2009-06-29,24.0,1.4735059098606866,280
B0034,94,39,2009-06-29,24.0,1.492658600645149,279
B0034,96,40,2009-06-29,24.0,1.4820260149945934,277
B0034,98,41,2009-06-29,24.0,1.423575357658995,275
B0034,100,42,2009-06-30,24.0,1.4038252197245347,273
B0034,104,43,2009-07-01,24.0,1.5363173478836125,274
B0034,108,44,2009-07-01,24.0,1.5440367168176732,275
B0034,110,45,2009-07-01,24.0,1.507892155360249,274
B0034,112,46,2009-07-14,24.0,1.8203060058691092,308
B0034,116,47,2009-07-14,24.0,1.5936575758226643,273
B0034,118,48,2009-07-15,24.0,1.533070464968097,271
B0034,120,49,2009-07-15,24.0,1.4862143093107285,270
B0034,122,50,2009-07-15,24.0,1.5029318848267783,270
B0034,124,51,2009-07-15,24.0,1.5202185406928062,269
B0034,128,52,2009-07-15,24.0,1.5118194735004464,268
B0034,130,53,2009-07-15,24.0,1.464601301820905,266
B0034,132,54,2009-07-16,24.0,1.4546140961511749,265
B0034,134,55,2009-07-16,24.0,1.4333400490204142,264
B0034,136,56,2009-07-16,24.0,1.4493262346396159,263
B0034,140,57,2009-07-16,24.0,1.495199821798908,263
B0034,142,58,2009-07-16,24.0,1.4720590241846008,262
B0034,144,59,2009-07-16,24.0,1.4097383014648728,260
B0034,146,60,2009-07-17,24.0,1.3861944181384176,258
B0034,148,61,2009-07-17,24.0,1.3624125407550536,257
B0034,152,62,2009-07-17,24.0,1.4471377445077278,258
B0034,154,63,2009-07-17,24.0,1.4554483390450048,257
B0034,156,64,2009-07-17,24.0,1.4423952167302958,256
B0034,158,65,2009-07-17,24.0,1.377541945989605,254
B0034,160,66,2009-07-18,24.0,1.3539935892900532,253
B0034,164,67,2009-07-23,24.0,1.5509038861664448,255
B0034,168,68,2009-07-23,24.0,1.5562932697752867,257
B0034,170,69,2009-07-23,24.0,1.5067526605064707,254
B0034,172,70,2009-07-23,24.0,1.444138733302766,252
B0034,174,71,2009-07-24,24.0,1.4144103811292437,251
B0034,176,72,2009-07-24,24.0,1.3897574212362729,250
B0034,180,73,2009-07-24,24.0,1.449968311475299,250
B0034,182,74,2009-07-24,24.0,1.4678653068012166,250
B0034,184,75,2009-07-24,24.0,1.4290644310445066,248
B0034,186,76,2009-07-24,24.0,1.376744834668327,247
B0034,188,77,2009-07-25,24.0,1.3515813262521057,245
B0034,192,78,2009-07-25,24.0,1.353993472828928,245
B0034,194,79,2009-07-25,24.0,1.3577165116893766,244
B0034,196,80,2009-07-25,24.0,1.334169315351027,243
B0034,198,81,2009-07-25,24.0,1.3372147888783987,242
B0034,200,82,2009-07-26,24.0,1.339045224276927,241
B0034,204,83,2009-07-26,24.0,1.3439244604756322,240
B0034,206,84,2009-07-26,24.0,1.3454786192090245,240
B0034,208,85,2009-07-26,24.0,1.3482263029682544,239
B0034,210,86,2009-07-26,24.0,1.3373192299576058,238
B0034,212,87,2009-07-26,24.0,1.3402523341553034,237
B0034,216,88,2009-07-27,24.0,1.3290965682379121,237
B0034,218,89,2009-07-27,24.0,1.3323485655766352,236
B0034,220,90,2009-07-27,24.0,1.3501541310555516,236
B0034,222,91,2009-07-27,24.0,1.381523441054128,236
B0034,224,92,2009-07-27,24.0,1.3835971952817807,236
B0034,228,93,2009-07-27,24.0,1.3301161862080901,234
B0034,230,94,2009-07-28,24.0,1.3176982121703233,232
B0034,232,95,2009-07-28,24.0,1.3063657719651272,231
B0034,234,96,2009-07-28,24.0,1.3381567383793782,232
B0034,236,97,2009-07-28,24.0,1.3563258092165067,231
B0034,240,98,2009-07-28,24.0,1.3648997529550058,230
B0034,242,99,2009-07-28,24.0,1.3337639975535058,229
B0034,244,100,2009-07-29,24.0,1.3060123668658763,228
B0034,246,101,2009-07-29,24.0,1.3101868361375808,227
B0034,248,102,2009-07-29,24.0,1.3567668941696103,228
B0034,252,103,2009-07-29,24.0,1.3916857433587717,228
B0034,254,104,2009-07-29,24.0,1.3629935079344777,227
B0034,256,105,2009-07-29,24.0,1.3211711973900628,225
B0034,258,106,2009-07-30,24.0,1.3074869015593356,225
B0034,260,107,2009-07-30,24.0,1.3105881895483489,224
B0034,264,108,2009-07-30,24.0,1.376312668196664,225
B0034,266,109,2009-07-30,24.0,1.391764929132287,225
B0034,268,110,2009-07-30,24.0,1.3649746353453525,223
B0034,270,111,2009-07-31,24.0,1.3219093937291897,221
B0034,272,112,2009-07-31,24.0,1.3090033888073913,220
B0034,276,113,2009-07-31,24.0,1.3327005721973733,220
B0034,278,114,2009-07-31,24.0,1.7423975189669398,320
B0034,282,115,2009-07-31,24.0,1.37734756281946,222
B0034,284,116,2009-08-01,24.0,1.34875988767775,220
B0034,286,117,2009-08-01,24.0,1.3501504559881146,219
B0034,288,118,2009-08-01,24.0,1.3387814875085953,218
B0034,290,119,2009-08-01,24.0,1.3253371210402685,217
B0034,294,120,2009-08-01,24.0,1.3308160596334049,216
B0034,296,121,2009-08-01,24.0,1.333083376618503,216
B0034,298,122,2009-08-02,24.0,1.3333226534895923,215
B0034,300,123,2009-08-02,24.0,1.3264281097516475,214
B0034,302,124,2009-08-02,24.0,1.323971040986857,214
B0034,306,125,2009-08-02,24.0,1.3249364225071156,214
B0034,308,126,2009-08-02,24.0,1.3283067675570923,213
B0034,310,127,2009-08-02,24.0,1.314584348909226,212
B0034,312,128,2009-08-03,24.0,1.3166841798543303,212
B0034,314,129,2009-08-03,24.0,1.3041727649654073,211
B0034,318,130,2009-08-03,24.0,1.3534450073572306,213
B0034,320,131,2009-08-03,24.0,1.371294082513786,213
B0034,322,132,2009-08-03,24.0,1.357699321922511,212
B0034,324,133,2009-08-03,24.0,1.3286903090919502,210
B0034,326,134,2009-08-04,24.0,1.3143943268181724,209
B0034,330,135,2009-08-05,24.0,1.3866783030110723,199
B0034,334,136,2009-08-05,24.0,1.3868330458429208,212
B0034,336,137,2009-08-05,24.0,1.3548037379291014,211
B0034,338,138,2009-08-05,24.0,1.3255787669951669,209
B0034,340,139,2009-08-06,24.0,1.3119728676377553,208
B0034,342,140,2009-08-06,24.0,1.3064487948795198,206
B0034,346,141,2009-08-06,24.0,1.3418431880549024,207
B0034,348,142,2009-08-06,24.0,1.3609210170759327,207
B0034,350,143,2009-08-06,24.0,1.3299603677394973,205
B0034,352,144,2009-08-06,24.0,1.299069387625936,204
B0034,354,145,2009-08-07,24.0,1.2984544371955695,203
B0034,358,146,2009-08-07,24.0,1.3176486091610087,203
B0034,360,147,2009-08-07,24.0,1.3360648564106594,204
B0034,362,148,2009-08-07,24.0,1.3635797361860138,205
B0034,364,149,2009-08-07,24.0,1.3333112541544827,203
B0034,366,150,2009-08-08,24.0,1.3023273463118925,201
B0034,370,151,2009-08-08,24.0,1.2888728444455875,200
B0034,372,152,2009-08-08,24.0,1.2902746194203034,200
B0034,374,153,2009-08-08,24.0,1.292407565676824,199
B0034,376,154,2009-08-08,24.0,1.2954091505102339,198
B0034,378,155,2009-08-08,24.0,1.283229881592695,197
B0034,382,156,2009-08-17,24.0,1.4557454024367817,203
B0034,386,157,2009-08-17,24.0,1.454676342673242,205
B0034,388,158,2009-08-17,24.0,1.423427718198495,204
B0034,390,159,2009-08-18,24.0,1.392551210363313,203
B0034,392,160,2009-08-18,24.0,1.3765732493746907,202
B0034,394,161,2009-08-18,24.0,1.3810190828982352,202
B0034,398,162,2009-08-18,24.0,1.4007568321672863,202
B0034,400,163,2009-08-18,24.0,1.374645303479972,200
B0034,402,164,2009-08-18,24.0,1.3345924114397838,199
B0034,404,165,2009-08-19,24.0,1.336396621564738,198
B0034,406,166,2009-08-19,24.0,1.3069152971756248,197
B0034,410,167,2009-08-19,24.0,1.341539456674081,198
B0034,412,168,2009-08-19,24.0,1.346388970161922,197
B0034,414,169,2009-08-19,24.0,1.344989807277774,197
B0034,416,170,2009-08-19,24.0,1.3158760805047784,195
B0034,418,171,2009-08-20,24.0,1.2972766889740088,195
B0034,422,172,2009-08-20,24.0,1.2851255211005648,194
B0034,424,173,2009-08-20,24.0,1.3190209156530253,195
B0034,426,174,2009-08-20,24.0,1.3410097849290994,194
B0034,428,175,2009-08-20,24.0,1.326126983882746,193
B0034,430,176,2009-08-20,24.0,1.3091442679990724,192
B0034,434,177,2009-08-21,24.0,1.363001289617145,194
B0034,438,178,2009-08-21,24.0,1.329285701687194,192
B0034,440,179,2009-08-22,24.0,1.2969085930621855,191
B0034,442,180,2009-08-22,24.0,1.2986285924941396,190
B0034,444,181,2009-08-22,24.0,1.2840657611821942,189
B0034,446,182,2009-08-22,24.0,1.3021015914136362,189
B0034,450,183,2009-08-22,24.0,1.3089076351731335,188
B0034,452,184,2009-08-22,24.0,1.2722519696513912,188
B0034,454,185,2009-08-23,24.0,1.276011534360331,187
B0034,456,186,2009-08-23,24.0,1.2605053003103004,186
B0034,458,187,2009-08-23,24.0,1.2660681251347115,185
B0034,462,188,2009-08-23,24.0,1.265829016865281,185
B0034,464,189,2009-08-23,24.0,1.2655873898206993,184
B0034,466,190,2009-08-23,24.0,1.2663598323027554,183
B0034,468,191,2009-08-24,24.0,1.2868479432728903,182
B0034,470,192,2009-08-24,24.0,1.270026164613209,182
B0034,474,193,2009-08-24,24.0,1.34598253292492,184
B0034,476,194,2009-08-24,24.0,1.3286875315413778,184
B0034,478,195,2009-08-24,24.0,1.31203071983408,182
B0034,480,196,2009-08-25,24.0,1.295125492961198,180
B0034,482,197,2009-08-25,24.0,1.2802601605963335,179
B0036,0,1,2009-06-19,24.0,1.001982588175331,190
B0036,4,2,2009-06-19,24.0,1.8011007566288924,338
B0036,6,3,2009-06-20,24.0,1.8044229856020628,337
B0036,8,4,2009-06-20,24.0,1.804388833772829,335
B0036,10,5,2009-06-20,24.0,1.7989248871784247,332
B0036,12,6,2009-06-20,24.0,1.792996521672392,329
B0036,16,7,2009-06-20,24.0,1.7885507985621891,326
B0036,18,8,2009-06-20,24.0,1.7890856930727703,325
B0036,20,9,2009-06-21,24.0,1.7893137312833287,323
B0036,22,10,2009-06-21,24.0,1.7860759459480868,321
B0036,24,11,2009-06-21,24.0,1.7836324249650817,319
B0036,28,12,2009-06-21,24.0,1.7829728738072719,317
B0036,30,13,2009-06-21,24.0,1.7813775963259668,315
B0036,32,14,2009-06-21,24.0,1.7785359545932946,313
B0036,34,15,2009-06-22,24.0,1.7759043090943398,311
B0036,36,16,2009-06-22,24.0,1.7780426649905914,310
B0036,40,17,2009-06-22,24.0,1.7830029333591655,309
B0036,42,18,2009-06-22,24.0,1.7883000424613877,309
B0036,44,19,2009-06-22,24.0,1.779294712578026,306
B0036,46,20,2009-06-23,24.0,1.7709235500451854,303
B0036,48,21,2009-06-23,24.0,1.7659050180801104,301
B0036,52,22,2009-06-26,24.0,1.7826929241469245,301
B0036,56,23,2009-06-26,24.0,1.7964662072920203,302
B0036,58,24,2009-06-27,24.0,1.7909083533422898,300
B0036,60,25,2009-06-27,24.0,1.78518002808874,298
B0036,62,26,2009-06-27,24.0,1.7811343176546524,296
B0036,64,27,2009-06-27,24.0,1.7755577789223567,294
B0036,68,28,2009-06-27,24.0,1.776885870616115,293
B0036,70,29,2009-06-27,24.0,1.7713083410378214,291
B0036,72,30,2009-06-28,24.0,1.7713348840874137,290
B0036,74,31,2009-06-28,24.0,1.7660842866405053,288
B0036,76,32,2009-06-28,24.0,1.7592793663412327,286
B0036,80,33,2009-06-28,24.0,1.7610368813762423,285
B0036,82,34,2009-06-28,24.0,1.760242767365706,284
B0036,84,35,2009-06-28,24.0,1.7555899416034397,282
B0036,86,36,2009-06-29,24.0,1.7545602176655593,281
B0036,88,37,2009-06-29,24.0,1.7499108336094897,279
B0036,92,38,2009-06-29,24.0,1.7610225525303758,280
B0036,94,39,2009-06-29,24.0,1.7624094574337117,279
B0036,96,40,2009-06-29,24.0,1.7536170397120676,277
B0036,98,41,2009-06-29,24.0,1.7462044775191679,275
B0036,100,42,2009-06-30,24.0,1.7406176172769725,273
B0036,104,43,2009-07-01,24.0,1.750690404425682,274
B0036,108,44,2009-07-01,24.0,1.765112055153915,275
B0036,110,45,2009-07-01,24.0,1.7631888267564881,274
B0036,112,46,2009-07-14,24.0,1.9854929528970957,308
B0036,116,47,2009-07-14,24.0,1.7653557308133239,273
B0036,118,48,2009-07-15,24.0,1.7571880383127276,271
B0036,120,49,2009-07-15,24.0,1.7573770661844437,270
B0036,122,50,2009-07-15,24.0,1.7617376127979814,270
B0036,124,51,2009-07-15,24.0,1.7606892547636663,269
B0036,128,52,2009-07-15,24.0,1.760669562156983,268
B0036,130,53,2009-07-15,24.0,1.752963802649152,266
B0036,132,54,2009-07-16,24.0,1.750535708024147,265
B0036,134,55,2009-07-16,24.0,1.7500761995337284,264
B0036,136,56,2009-07-16,24.0,1.7465957802278385,263
B0036,140,57,2009-07-16,24.0,1.753614286788707,263
B0036,142,58,2009-07-16,24.0,1.750725029920349,262
B0036,144,59,2009-07-16,24.0,1.7433053490810113,260
B0036,146,60,2009-07-17,24.0,1.7336625052776187,258
B0036,148,61,2009-07-17,24.0,1.7319207051538927,257
B0036,152,62,2009-07-17,24.0,1.7428604522751463,258
B0036,154,63,2009-07-17,24.0,1.743306971099712,257
B0036,156,64,2009-07-17,24.0,1.738524506272696,256
B0036,158,65,2009-07-17,24.0,1.7295622663746972,254
B0036,160,66,2009-07-18,24.0,1.7273036765742085,253
B0036,164,67,2009-07-23,24.0,1.7449370491071912,255
B0036,168,68,2009-07-23,24.0,1.7642432071133693,257
B0036,170,69,2009-07-23,24.0,1.7504882032049596,254
B0036,172,70,2009-07-23,24.0,1.7442710815479923,252
B0036,174,71,2009-07-24,24.0,1.7365413923373951,251
B0036,176,72,2009-07-24,24.0,1.733223093105756,250
B0036,180,73,2009-07-24,24.0,1.73860622908762,250
B0036,182,74,2009-07-24,24.0,1.7432134953746192,250
B0036,184,75,2009-07-24,24.0,1.7332698214832971,248
B0036,186,76,2009-07-24,24.0,1.7298906291663272,247
B0036,188,77,2009-07-25,24.0,1.7204403348841348,245
B0036,192,78,2009-07-25,24.0,1.724420729012913,245
B0036,194,79,2009-07-25,24.0,1.7214872814061166,244
B0036,196,80,2009-07-25,24.0,1.7197448773569262,243
B0036,198,81,2009-07-25,24.0,1.7164304142145894,242
B0036,200,82,2009-07-26,24.0,1.7112029253299619,241
B0036,204,83,2009-07-26,24.0,1.7102343231599222,240
B0036,206,84,2009-07-26,24.0,1.713096882151029,240
B0036,208,85,2009-07-26,24.0,1.7103708617208135,239
B0036,210,86,2009-07-26,24.0,1.7064617296121434,238
B0036,212,87,2009-07-26,24.0,1.7029429979110946,237
B0036,216,88,2009-07-27,24.0,1.7072612643840062,237
B0036,218,89,2009-07-27,24.0,1.7038637196766078,236
B0036,220,90,2009-07-27,24.0,1.7079617948422274,236
B0036,222,91,2009-07-27,24.0,1.7113022833627787,236
B0036,224,92,2009-07-27,24.0,1.714122057472244,236
B0036,228,93,2009-07-27,24.0,1.7053324925701605,234
B0036,230,94,2009-07-28,24.0,1.6934609472531408,232
B0036,232,95,2009-07-28,24.0,1.6905244127230223,231
B0036,234,96,2009-07-28,24.0,1.7007774858498304,232
B0036,236,97,2009-07-28,24.0,1.6971104467944576,231
B0036,240,98,2009-07-28,24.0,1.6997924522951837,230
B0036,242,99,2009-07-28,24.0,1.6912704773954121,229
B0036,244,100,2009-07-29,24.0,1.6857127009469863,228
B0036,246,101,2009-07-29,24.0,1.6832093771286156,227
B0036,248,102,2009-07-29,24.0,1.692886364169521,228
B0036,252,103,2009-07-29,24.0,1.6984668174144633,228
B0036,254,104,2009-07-29,24.0,1.6935813413828429,227
B0036,256,105,2009-07-29,24.0,1.6830951253781283,225
B0036,258,106,2009-07-30,24.0,1.6850462226942986,225
B0036,260,107,2009-07-30,24.0,1.6803098840017598,224
B0036,264,108,2009-07-30,24.0,1.6944038437227715,225
B0036,266,109,2009-07-30,24.0,1.6955686127180103,225
B0036,268,110,2009-07-30,24.0,1.6841854728350405,223
B0036,270,111,2009-07-31,24.0,1.6722180144870118,221
B0036,272,112,2009-07-31,24.0,1.6675976965747183,220
B0036,276,113,2009-07-31,24.0,1.6781873787039017,220
B0036,278,114,2009-07-31,24.0,2.4440624320786557,320
B0036,282,115,2009-07-31,24.0,1.6913403148932205,222
B0036,284,116,2009-08-01,24.0,1.6802787096613283,220
B0036,286,117,2009-08-01,24.0,1.673147301023026,219
B0036,288,118,2009-08-01,24.0,1.6704292090032429,218
B0036,290,119,2009-08-01,24.0,1.6659903350115992,217
B0036,294,120,2009-08-01,24.0,1.664241575272447,216
B0036,296,121,2009-08-01,24.0,1.6668450767774965,216
B0036,298,122,2009-08-02,24.0,1.6594501560667536,215
B0036,300,123,2009-08-02,24.0,1.662412523067319,214
B0036,302,124,2009-08-02,24.0,1.6603526083225701,214
B0036,306,125,2009-08-02,24.0,1.6610231379633236,214
B0036,308,126,2009-08-02,24.0,1.6575187557321613,213
B0036,310,127,2009-08-02,24.0,1.6507877959674548,212
B0036,312,128,2009-08-03,24.0,1.6532570062110141,212
B0036,314,129,2009-08-03,24.0,1.6494214846772686,211
B0036,318,130,2009-08-03,24.0,1.6678591915666705,213
B0036,320,131,2009-08-03,24.0,1.670862764324967,213
B0036,322,132,2009-08-03,24.0,1.6658118164053368,212
B0036,324,133,2009-08-03,24.0,1.6532998517617,210
B0036,326,134,2009-08-04,24.0,1.6468787023528522,209
B0036,330,135,2009-08-05,24.0,1.6718953249703756,199
B0036,334,136,2009-08-05,24.0,1.6807743463585727,212
B0036,336,137,2009-08-05,24.0,1.6737717086703074,211
B0036,338,138,2009-08-05,24.0,1.6605773762487392,209
B0036,340,139,2009-08-06,24.0,1.655987781146086,208
B0036,342,140,2009-08-06,24.0,1.6468623183898439,206
B0036,346,141,2009-08-06,24.0,1.6574621175432847,207
B0036,348,142,2009-08-06,24.0,1.6603991175216894,207
B0036,350,143,2009-08-06,24.0,1.6460789092837111,205
B0036,352,144,2009-08-06,24.0,1.6408366462659327,204
B0036,354,145,2009-08-07,24.0,1.6344408920281601,203
B0036,358,146,2009-08-07,24.0,1.6374039186504212,203
B0036,360,147,2009-08-07,24.0,1.64738207540524,204
B0036,362,148,2009-08-07,24.0,1.6545646441622355,205
B0036,364,149,2009-08-07,24.0,1.640896560729935,203
B0036,366,150,2009-08-08,24.0,1.6265229979339635,201
B0036,370,151,2009-08-08,24.0,1.6217349144630457,200
B0036,372,152,2009-08-08,24.0,1.6248200059639546,200
B0036,374,153,2009-08-08,24.0,1.61880119736137,199
B0036,376,154,2009-08-08,24.0,1.6137350490334217,198
B0036,378,155,2009-08-08,24.0,1.612012823654141,197
B0036,382,156,2009-08-17,24.0,1.6671032556887178,203
B0036,386,157,2009-08-17,24.0,1.6850133383886254,205
B0036,388,158,2009-08-17,24.0,1.6786654987614698,204
B0036,390,159,2009-08-18,24.0,1.6729763502191373,203
B0036,392,160,2009-08-18,24.0,1.666489034299654,202
B0036,394,161,2009-08-18,24.0,1.6698420840710908,202
B0036,398,162,2009-08-18,24.0,1.6746744228027035,202
B0036,400,163,2009-08-18,24.0,1.6665045335145643,200
B0036,402,164,2009-08-18,24.0,1.6522220848347273,199
B0036,404,165,2009-08-19,24.0,1.6462718275099526,198
B0036,406,166,2009-08-19,24.0,1.642399234692521,197
B0036,410,167,2009-08-19,24.0,1.651178607099992,198
B0036,412,168,2009-08-19,24.0,1.6481683120281931,197
B0036,414,169,2009-08-19,24.0,1.6478887725428397,197
B0036,416,170,2009-08-19,24.0,1.635843650915682,195
B0036,418,171,2009-08-20,24.0,1.6332362811945516,195
B0036,422,172,2009-08-20,24.0,1.629926467682987,194
B0036,424,173,2009-08-20,24.0,1.6387862629287224,195
B0036,426,174,2009-08-20,24.0,1.6359654863840773,194
B0036,428,175,2009-08-20,24.0,1.631137043967566,193
B0036,430,176,2009-08-20,24.0,1.6220189720888463,192
B0036,434,177,2009-08-21,24.0,1.6416044978422155,194
B0036,438,178,2009-08-21,24.0,1.6253090231457805,192
B0036,440,179,2009-08-22,24.0,1.6196134522239483,191
B0036,442,180,2009-08-22,24.0,1.6124236174774371,190
B0036,444,181,2009-08-22,24.0,1.6077701029913394,189
B0036,446,182,2009-08-22,24.0,1.6088077531981582,189
B0036,450,183,2009-08-22,24.0,1.6083556258734268,188
B0036,452,184,2009-08-22,24.0,1.6068202519011539,188
B0036,454,185,2009-08-23,24.0,1.601770977206713,187
B0036,456,186,2009-08-23,24.0,1.594911734692208,186
B0036,458,187,2009-08-23,24.0,1.5938139125387372,185
B0036,462,188,2009-08-23,24.0,1.5920273129504596,185
B0036,464,189,2009-08-23,24.0,1.5847361549778751,184
B0036,466,190,2009-08-23,24.0,1.5763429363936798,183
B0036,468,191,2009-08-24,24.0,1.5720229174642286,182
B0036,470,192,2009-08-24,24.0,1.5729874285512353,182
B0036,474,193,2009-08-24,24.0,1.596985400389019,184
B0036,476,194,2009-08-24,24.0,1.595726023703856,184
B0036,478,195,2009-08-24,24.0,1.579500338340559,182
B0036,480,196,2009-08-25,24.0,1.5629469877520186,180
B0036,482,197,2009-08-25,24.0,1.5591129431541175,179
B0038,0,1,2010-04-14,24.0,0.8980573709676724,104
B0038,4,2,2010-04-14,24.0,1.1026236331914077,156
B0038,6,3,2010-04-15,24.0,1.0885801879473431,154
B0038,8,4,2010-04-15,24.0,1.0613249847591086,152
B0038,10,5,2010-04-15,24.0,1.0347062057983545,150
B0038,12,6,2010-04-15,24.0,1.0269978594353013,146
B0038,16,7,2010-04-16,24.0,1.0785019710989419,119
B0038,20,8,2010-04-16,24.0,1.0638897478802845,144
B0038,22,9,2010-04-16,24.0,1.0366551223324423,143
B0038,24,10,2010-04-16,24.0,1.030941327482094,140
B0038,26,11,2010-04-17,24.0,1.0140084541034655,139
B0038,28,12,2010-04-17,24.0,1.008516095994519,137
B0038,32,13,2010-04-21,44.0,1.7419245088095903,636
B0038,36,14,2010-04-21,44.0,1.779741859708433,653
B0038,38,15,2010-04-21,44.0,1.7815666306452766,650
B0038,40,16,2010-04-22,44.0,1.7834859577156017,646
B0038,42,17,2010-04-22,44.0,1.7864411650415675,642
B0038,44,18,2010-04-22,44.0,1.7859997608067948,639
B0038,48,19,2010-04-23,44.0,1.7769523773001608,624
B0038,52,20,2010-04-23,44.0,1.781428917321899,632
B0038,54,21,2010-04-24,44.0,1.7859452772697197,630
B0038,56,22,2010-04-24,44.0,1.785208429691551,627
B0038,58,23,2010-04-24,44.0,1.783596609584544,624
B0038,60,24,2010-04-24,44.0,1.7796783152744713,620
B0038,64,25,2010-04-24,44.0,1.7841102592788645,616
B0038,66,26,2010-04-25,44.0,1.7833032331592193,615
B0038,68,27,2010-04-25,44.0,1.7796186141356956,611
B0038,70,28,2010-04-25,44.0,1.7816592334352586,608
B0038,72,29,2010-04-25,44.0,1.7775911304124035,605
B0038,76,30,2010-04-25,44.0,1.777701881971679,602
B0038,78,31,2010-04-26,44.0,1.7789547618270618,601
B0038,80,32,2010-04-26,44.0,1.7807753731135043,598
B0038,82,33,2010-04-26,44.0,1.778415319026661,595
B0038,84,34,2010-04-26,44.0,1.7789773899108463,592
B0038,88,35,2010-04-26,44.0,1.7792479347236045,589
B0038,90,36,2010-04-27,44.0,1.7779204573685081,587
B0038,92,37,2010-04-27,44.0,1.779227040224144,584
B0038,94,38,2010-04-27,44.0,1.7760634320079352,582
B0038,96,39,2010-04-27,44.0,1.775103937963957,579
B0038,100,40,2010-04-28,44.0,1.733064100138742,281
B0038,104,41,2010-04-28,44.0,1.7394892806215223,281
B0038,106,42,2010-04-28,44.0,1.7378064360392924,280
B0038,108,43,2010-04-29,44.0,1.730028145799833,278
B0038,110,44,2010-04-29,44.0,1.7290404566542985,277
B0038,112,45,2010-04-29,44.0,1.7286072907068815,275
B0038,116,46,2010-05-04,44.0,1.52573884649634,129
B0038,120,47,2010-05-04,44.0,1.5301475534434217,129
B0039,0,1,2010-04-14,24.0,0.11903831859341765,104
B0039,4,2,2010-04-14,24.0,0.4729861500927512,156
B0039,6,3,2010-04-15,24.0,0.16280793829202067,154
B0039,8,4,2010-04-15,24.0,0.4787632853388766,152
B0039,10,5,2010-04-15,24.0,0.4711383364607152,150
B0039,12,6,2010-04-15,24.0,0.4668172561120673,146
B0039,16,7,2010-04-16,24.0,0.4699932676625547,119
B0039,20,8,2010-04-16,24.0,0.4627052684317185,144
B0039,22,9,2010-04-16,24.0,0.46049447826560974,143
B0039,24,10,2010-04-16,24.0,0.4412227248835694,140
B0039,26,11,2010-04-17,24.0,0.44354421943965844,139
B0039,28,12,2010-04-17,24.0,0.4126655541164234,137
B0039,32,13,2010-04-21,44.0,1.7461791006389626,636
B0039,36,14,2010-04-21,44.0,1.7695250734505363,653
B0039,38,15,2010-04-21,44.0,1.7715391419501945,650
B0039,40,16,2010-04-22,44.0,1.770625483958279,646
B0039,42,17,2010-04-22,44.0,1.7704040639447296,642
B0039,44,18,2010-04-22,44.0,1.7695081788801759,639
B0039,48,19,2010-04-23,44.0,1.7638356274269416,624
B0039,52,20,2010-04-23,44.0,1.7715725869786123,632
B0039,54,21,2010-04-24,44.0,1.7701196454489683,630
B0039,56,22,2010-04-24,44.0,1.7667569752860521,627
B0039,58,23,2010-04-24,44.0,1.7648743629092642,624
B0039,60,24,2010-04-24,44.0,1.763838685943225,620
B0039,64,25,2010-04-24,44.0,1.7657225752056789,616
B0039,66,26,2010-04-25,44.0,1.7645632809383045,615
B0039,68,27,2010-04-25,44.0,1.7608991948479125,611
B0039,70,28,2010-04-25,44.0,1.7598362095817717,608
B0039,72,29,2010-04-25,44.0,1.7590955400143164,605
B0039,76,30,2010-04-25,44.0,1.7560495443976523,602
B0039,78,31,2010-04-26,44.0,1.7571677199949287,601
B0039,80,32,2010-04-26,44.0,1.7558911269459976,598
B0039,82,33,2010-04-26,44.0,1.7533419072229914,595
B0039,84,34,2010-04-26,44.0,1.7506673845335168,592
B0039,88,35,2010-04-26,44.0,1.7510006664162403,589
B0039,90,36,2010-04-27,44.0,1.7496058853847873,587
B0039,92,37,2010-04-27,44.0,1.7477359172183355,584
B0039,94,38,2010-04-27,44.0,1.7444225468099093,582
B0039,96,39,2010-04-27,44.0,1.743308366083936,579
B0039,100,40,2010-04-28,44.0,1.6556691733888471,281
B0039,104,41,2010-04-28,44.0,1.64297669457593,281
B0039,106,42,2010-04-28,44.0,1.6343822729361266,280
B0039,108,43,2010-04-29,44.0,1.6265067062165601,278
B0039,110,44,2010-04-29,44.0,1.618865991735961,277
B0039,112,45,2010-04-29,44.0,1.6114968339209264,275
B0039,116,46,2010-05-04,44.0,1.3240805773461226,129
B0039,120,47,2010-05-04,44.0,1.3153386221697692,129
B0040,0,1,2010-04-14,24.0,0.6734628137095633,104
B0040,4,2,2010-04-14,24.0,0.7913062105760345,156
B0040,6,3,2010-04-15,24.0,0.7865824034601745,154
B0040,8,4,2010-04-15,24.0,0.7795871426061582,152
B0040,10,5,2010-04-15,24.0,0.7628241523125163,150
B0040,12,6,2010-04-15,24.0,0.7405021514606399,146
B0040,16,7,2010-04-16,24.0,0.7783970881100656,119
B0040,20,8,2010-04-16,24.0,0.7733165409025605,144
B0040,22,9,2010-04-16,24.0,0.7589575236409498,143
B0040,24,10,2010-04-16,24.0,0.7407399462256391,140
B0040,26,11,2010-04-17,24.0,0.7446218752617147,139
B0040,28,12,2010-04-17,24.0,0.7149875629820736,137
B0040,32,13,2010-04-21,44.0,1.7075144448533202,636
B0040,36,14,2010-04-21,44.0,1.730880859428193,653
B0040,38,15,2010-04-21,44.0,1.7328212845233328,650
B0040,40,16,2010-04-22,44.0,1.7317734323431513,646
B0040,42,17,2010-04-22,44.0,1.7341296392350067,642
B0040,44,18,2010-04-22,44.0,1.7334756929990074,639
B0040,48,19,2010-04-23,44.0,1.7243057179457875,624
B0040,52,20,2010-04-23,44.0,1.7318975861687205,632
B0040,54,21,2010-04-24,44.0,1.7333691208377457,630
B0040,56,22,2010-04-24,44.0,1.732175650153278,627
B0040,58,23,2010-04-24,44.0,1.7334832776102866,624
B0040,60,24,2010-04-24,44.0,1.732372495746513,620
B0040,64,25,2010-04-24,44.0,1.7338175297202416,616
B0040,66,26,2010-04-25,44.0,1.7329630786357868,615
B0040,68,27,2010-04-25,44.0,1.7318839084573339,611
B0040,70,28,2010-04-25,44.0,1.7306960059812662,608
B0040,72,29,2010-04-25,44.0,1.7296011601947467,605
B0040,76,30,2010-04-25,44.0,1.7296187381064656,602
B0040,78,31,2010-04-26,44.0,1.7307198617163877,601
B0040,80,32,2010-04-26,44.0,1.729274556175907,598
B0040,82,33,2010-04-26,44.0,1.7297962212599596,595
B0040,84,34,2010-04-26,44.0,1.7268942069037494,592
B0040,88,35,2010-04-26,44.0,1.7272191689306016,589
B0040,90,36,2010-04-27,44.0,1.7285674981160106,587
B0040,92,37,2010-04-27,44.0,1.726636381605547,584
B0040,94,38,2010-04-27,44.0,1.7262424141835067,582
B0040,96,39,2010-04-27,44.0,1.7252725927602899,579
B0040,100,40,2010-04-28,44.0,1.6668026877455053,281
B0040,104,41,2010-04-28,44.0,1.666754853762041,281
B0040,106,42,2010-04-28,44.0,1.6583274448761054,280
B0040,108,43,2010-04-29,44.0,1.65032263550715,278
B0040,110,44,2010-04-29,44.0,1.6493406341242296,277
B0040,112,45,2010-04-29,44.0,1.641919055037739,275
B0040,116,46,2010-05-04,44.0,0.425812451177779,129
B0040,120,47,2010-05-04,44.0,0.5569902643736575,129
B0041,0,1,2010-06-16,4.0,0.055620243768194036,95
B0041,3,2,2010-06-16,4.0,0.05569747261227687,95
B0041,5,3,2010-06-16,4.0,0.05583901629185397,93
B0041,7,4,2010-06-16,4.0,0.056148059974053,92
B0041,9,5,2010-06-17,4.0,0.05647053159913906,61
B0041,11,6,2010-06-17,4.0,0.044092291840801906,92
B0041,15,7,2010-06-17,4.0,0.05677191308141789,91
B0041,17,8,2010-06-17,4.0,0.056938376500757296,90
B0041,19,9,2010-06-17,4.0,0.04440148411312257,88
B0041,21,10,2010-06-17,4.0,0.04463435818491618,89
B0041,23,11,2010-06-17,4.0,0.04479872243657484,88
B0041,27,12,2010-06-18,4.0,0.04670898780785478,85
B0041,29,13,2010-06-18,4.0,0.04495371533089529,87
B0041,31,14,2010-06-18,4.0,0.045219329019542696,86
B0041,33,15,2010-06-18,4.0,0.04540222414694979,86
B0041,35,16,2010-06-18,4.0,0.04567901224974174,85
B0041,39,17,2010-06-18,4.0,0.04552080257033988,85
B0041,41,18,2010-06-18,4.0,0.045728541460242564,84
B0041,43,19,2010-06-19,4.0,0.045860512192502,52
B0041,45,20,2010-06-19,4.0,0.045983556030275076,50
B0041,47,21,2010-06-19,4.0,0.04612876296673401,49
B0041,51,22,2010-06-21,4.0,0.0463714545530443,88
B0041,55,23,2010-06-21,4.0,0.04642385425314327,87
B0041,57,24,2010-06-21,4.0,0.046579469530564604,85
B0041,59,25,2010-06-22,4.0,0.04672600894839656,52
B0041,61,26,2010-06-22,4.0,0.046863472432443716,86
B0041,63,27,2010-06-22,4.0,0.047123070484888584,83
B0041,67,28,2010-06-22,4.0,0.047089685801538064,83
B0041,69,29,2010-06-22,4.0,0.04716816990682447,82
B0041,71,30,2010-06-22,4.0,0.047416623395846624,82
B0041,73,31,2010-06-22,4.0,0.04747365818614322,81
B0041,75,32,2010-06-23,4.0,0.04767107168829607,80
B0041,79,33,2010-06-23,4.0,0.04775614866793622,81
B0041,81,34,2010-06-23,4.0,0.04783369052905227,79
B0041,83,35,2010-06-23,4.0,0.047922817158937946,66
B0041,85,36,2010-06-23,4.0,0.048108024971614455,49
B0041,87,37,2010-06-23,4.0,0.04808782735825877,10
B0041,91,38,2010-06-23,4.0,0.04842261926326617,10
B0041,93,39,2010-06-24,4.0,0.04798649525462829,9
B0041,95,40,2010-06-24,4.0,0.04822175200495124,10
B0041,97,41,2010-06-24,4.0,0.04787731566765343,9
B0041,99,42,2010-06-24,4.0,0.04829032055579415,9
B0041,103,43,2010-06-25,4.0,1.2156494086360898,457
B0041,107,44,2010-06-26,4.0,1.1476416320946565,463
B0041,109,45,2010-06-26,4.0,1.1194574527298193,459
B0041,111,46,2010-06-26,4.0,1.0841325641850128,455
B0041,113,47,2010-06-26,4.0,1.0607784232892656,449
B0041,115,48,2010-06-26,4.0,1.0170312865626592,447
B0041,119,49,2010-06-27,4.0,1.0000374999808574,442
B0041,121,50,2010-06-27,4.0,0.991506494786248,440
B0041,123,51,2010-06-27,4.0,0.9655644425371017,432
B0041,125,52,2010-06-27,4.0,0.9383311962439673,433
B0041,127,53,2010-06-27,4.0,0.9298903389240268,430
B0041,131,54,2010-06-28,4.0,0.9072117399448598,426
B0041,133,55,2010-06-28,4.0,0.9176870676937323,423
B0041,135,56,2010-06-28,4.0,0.9157430721963028,419
B0041,137,57,2010-06-28,4.0,0.9111662690050432,415
B0041,139,58,2010-06-28,4.0,0.8968901443572698,412
B0041,143,59,2010-06-29,4.0,0.8862133472800153,409
B0041,145,60,2010-06-29,4.0,0.8931124136187014,406
B0041,147,61,2010-06-29,4.0,0.880898507091054,403
B0041,149,62,2010-06-29,4.0,0.8798879382023741,400
B0041,151,63,2010-06-29,4.0,0.8682347537115443,396
B0041,155,64,2010-06-30,4.0,0.8443569490395516,395
B0041,157,65,2010-06-30,4.0,0.8657093203148538,391
B0041,159,66,2010-06-30,4.0,0.848696904019178,388
B0041,161,67,2010-06-30,4.0,0.8364948433646345,385
B0042,2,1,2010-06-03,22.0,1.7287126633755356,358
B0042,4,2,2010-06-04,22.0,1.7314706281853145,348
B0042,6,3,2010-06-04,22.0,1.7282350363146088,341
B0042,8,4,2010-06-04,22.0,1.720344742291621,336
B0042,10,5,2010-06-04,22.0,1.7221734367707637,330
B0042,14,6,2010-06-04,22.0,0.0,274
B0042,16,7,2010-06-04,22.0,1.708669577331945,321
B0042,18,8,2010-06-05,22.0,1.7036476485918646,317
B0042,20,9,2010-06-05,22.0,1.6958375743577971,314
B0042,22,10,2010-06-05,22.0,1.6949064846676911,311
B0042,26,11,2010-06-05,22.0,1.6874768094352455,309
B0042,28,12,2010-06-05,22.0,1.685989172917945,306
B0042,30,13,2010-06-05,22.0,1.6782864747774933,304
B0042,32,14,2010-06-06,22.0,1.6739647640901527,301
B0042,34,15,2010-06-06,22.0,1.6722378801237066,299
B0042,38,16,2010-06-06,22.0,1.6759897900491967,298
B0042,40,17,2010-06-06,22.0,1.6618247672847988,295
B0042,42,18,2010-06-06,22.0,1.6606710352566112,293
B0042,44,19,2010-06-06,22.0,1.6530644874507203,291
B0042,46,20,2010-06-07,22.0,1.649953986270456,282
B0042,50,21,2010-06-07,22.0,1.681297805444492,292
B0042,54,22,2010-06-07,22.0,1.6700520424481298,289
B0042,56,23,2010-06-07,22.0,1.667181860354792,287
B0042,58,24,2010-06-08,22.0,1.6568865613275168,284
B0042,60,25,2010-06-08,22.0,1.6449819446579936,281
B0042,62,26,2010-06-08,22.0,1.639214585000014,279
B0042,66,27,2010-06-08,22.0,1.6410599890208055,279
B0042,68,28,2010-06-08,22.0,1.6432696512198481,277
B0042,70,29,2010-06-08,22.0,1.6298673102402295,275
B0042,72,30,2010-06-09,22.0,1.6238536344658807,272
B0042,74,31,2010-06-09,22.0,1.6186308887044174,271
B0042,78,32,2010-06-09,22.0,1.6193418112441196,270
B0042,80,33,2010-06-09,22.0,1.614593271326993,268
B0042,82,34,2010-06-09,22.0,1.6072040891927848,266
B0042,84,35,2010-06-09,22.0,1.6012663590062357,263
B0042,86,36,2010-06-10,22.0,1.5940407410631041,261
B0042,90,37,2010-06-10,22.0,1.5946888289374477,261
B0042,92,38,2010-06-10,22.0,1.5882100957302596,259
B0042,94,39,2010-06-10,22.0,1.587985558077698,258
B0042,96,40,2010-06-10,22.0,1.5799165406650344,256
B0042,98,41,2010-06-11,22.0,1.5655946193652834,253
B0042,102,42,2010-06-11,4.0,0.07070127737340176,91
B0042,106,43,2010-06-11,4.0,0.08416878530139071,87
B0042,108,44,2010-06-11,4.0,0.08443785621465827,85
B0042,110,45,2010-06-11,4.0,0.08478919060590338,84
B0042,112,46,2010-06-16,4.0,0.09334258183442584,95
B0042,115,47,2010-06-16,4.0,0.10603180131397782,95
B0042,117,48,2010-06-16,4.0,0.106505866207118,93
B0042,119,49,2010-06-16,4.0,0.09439111585512952,92
B0042,121,50,2010-06-17,4.0,0.09450595927387112,61
B0042,123,51,2010-06-17,4.0,0.08211456108215626,92
B0042,127,52,2010-06-17,4.0,0.09518470631946747,91
B0042,129,53,2010-06-17,4.0,0.09539129998659052,90
B0042,131,54,2010-06-17,4.0,0.08289664565854568,88
B0042,133,55,2010-06-17,4.0,0.08343199036452603,89
B0042,135,56,2010-06-17,4.0,0.09624772156495698,88
B0042,139,57,2010-06-18,4.0,0.0871279249656989,85
B0042,141,58,2010-06-18,4.0,0.09681912182757578,87
B0042,143,59,2010-06-18,4.0,0.08440054891345107,86
B0042,145,60,2010-06-18,4.0,0.09770121716674529,86
B0042,147,61,2010-06-18,4.0,0.08517426476572666,85
B0042,151,62,2010-06-18,4.0,0.08471993544879124,85
B0042,153,63,2010-06-18,4.0,0.08548836969893649,84
B0042,155,64,2010-06-19,4.0,0.08577749933433501,52
B0042,157,65,2010-06-19,4.0,0.08595553255245832,50
B0042,159,66,2010-06-19,4.0,0.08614796979658328,49
B0042,163,67,2010-06-21,4.0,0.08652450808993331,88
B0042,167,68,2010-06-21,4.0,0.08676036428685732,87
B0042,169,69,2010-06-21,4.0,0.08662025389371077,85
B0042,171,70,2010-06-22,4.0,0.0869802394927499,52
B0042,173,71,2010-06-22,4.0,0.07387787113473963,86
B0042,175,72,2010-06-22,4.0,0.08775865702231889,83
B0042,179,73,2010-06-22,4.0,0.08790576300272998,83
B0042,181,74,2010-06-22,4.0,0.08808784882200178,82
B0042,183,75,2010-06-22,4.0,0.08834250268158712,82
B0042,185,76,2010-06-22,4.0,0.07463055332745072,81
B0042,187,77,2010-06-23,4.0,0.07485698665122698,80
B0042,191,78,2010-06-23,4.0,0.07527573643141765,81
B0042,193,79,2010-06-23,4.0,0.07532351860488727,79
B0042,195,80,2010-06-23,4.0,0.07553765302367196,66
B0042,197,81,2010-06-23,4.0,0.07584285606128259,49
B0042,199,82,2010-06-23,4.0,0.0759921803489148,10
B0042,203,83,2010-06-23,4.0,0.07621652609591999,10
B0042,205,84,2010-06-24,4.0,0.06216923141552526,9
B0042,207,85,2010-06-24,4.0,0.0759822277461493,10
B0042,209,86,2010-06-24,4.0,0.06227013548943564,9
B0042,211,87,2010-06-24,4.0,0.06259446608798445,9
B0042,215,88,2010-06-25,4.0,1.4377344766079456,457
B0042,219,89,2010-06-26,4.0,1.5246019289244055,463
B0042,221,90,2010-06-26,4.0,1.5215273965539478,459
B0042,223,91,2010-06-26,4.0,1.5155323631175952,455
B0042,225,92,2010-06-26,4.0,1.5044249661534554,449
B0042,227,93,2010-06-26,4.0,1.5001507149498807,447
B0042,231,94,2010-06-27,4.0,1.489011227320312,442
B0042,233,95,2010-06-27,4.0,1.4810149357562845,440
B0042,235,96,2010-06-27,4.0,1.476262027748574,432
B0042,237,97,2010-06-27,4.0,1.4662551025438961,433
B0042,239,98,2010-06-27,4.0,1.4593282593817019,430
B0042,243,99,2010-06-28,4.0,1.445704157754381,426
B0042,245,100,2010-06-28,4.0,1.4400686089389023,423
B0042,247,101,2010-06-28,4.0,1.4290313659547842,419
B0042,249,102,2010-06-28,4.0,1.414172188151386,415
B0042,251,103,2010-06-28,4.0,1.415603079129078,412
B0042,255,104,2010-06-29,4.0,1.3994410223300702,409
B0042,257,105,2010-06-29,4.0,1.3959635285794907,406
B0042,259,106,2010-06-29,4.0,1.3929784652630588,403
B0042,261,107,2010-06-29,4.0,1.3740772023800918,400
B0042,263,108,2010-06-29,4.0,1.3752493030002435,396
B0042,267,109,2010-06-30,4.0,1.3671966130854505,395
B0042,269,110,2010-06-30,4.0,1.356887600783644,391
B0042,271,111,2010-06-30,4.0,1.3449320225969348,388
B0042,273,112,2010-06-30,4.0,1.3374691704584258,385
B0043,2,1,2010-06-03,22.0,1.713782642126885,358
B0043,4,2,2010-06-04,22.0,1.6955681658647108,348
B0043,6,3,2010-06-04,22.0,1.6814906372051954,341
B0043,8,4,2010-06-04,22.0,1.6786372409532953,336
B0043,10,5,2010-06-04,22.0,1.6694168550864992,330
B0043,14,6,2010-06-04,22.0,0.0,274
B0043,16,7,2010-06-04,22.0,1.6611938521224778,321
B0043,18,8,2010-06-05,22.0,1.6506423382064332,317
B0043,20,9,2010-06-05,22.0,1.6424273190907783,314
B0043,22,10,2010-06-05,22.0,1.6353664801041328,311
B0043,26,11,2010-06-05,22.0,1.633232875930849,309
B0043,28,12,2010-06-05,22.0,1.6258840554387932,306
B0043,30,13,2010-06-05,22.0,1.617976174654771,304
B0043,32,14,2010-06-06,22.0,1.6136652707273988,301
B0043,34,15,2010-06-06,22.0,1.605821026619692,299
B0043,38,16,2010-06-06,22.0,1.6033527961961531,298
B0043,40,17,2010-06-06,22.0,1.5951342406182645,295
B0043,42,18,2010-06-06,22.0,1.5878135544728507,293
B0043,44,19,2010-06-06,22.0,1.5800601969084245,291
B0043,46,20,2010-06-07,22.0,1.575565087879128,282
B0043,50,21,2010-06-07,22.0,1.5950169012164208,292
B0043,54,22,2010-06-07,22.0,1.5898075522577595,289
B0043,56,23,2010-06-07,22.0,1.5807953202097411,287
B0043,58,24,2010-06-08,22.0,1.5704333289187615,284
B0043,60,25,2010-06-08,22.0,1.5643368431897877,281
B0043,62,26,2010-06-08,22.0,1.558307017802491,279
B0043,66,27,2010-06-08,22.0,1.5537149289772467,279
B0043,68,28,2010-06-08,22.0,1.549528250585513,277
B0043,70,29,2010-06-08,22.0,1.5424430535161062,275
B0043,72,30,2010-06-09,22.0,1.54256227031715,272
B0043,74,31,2010-06-09,22.0,1.5309356452520158,271
B0043,78,32,2010-06-09,22.0,1.5247733176952427,270
B0043,80,33,2010-06-09,22.0,1.5196742408779502,268
B0043,82,34,2010-06-09,22.0,1.5123696925788683,266
B0043,84,35,2010-06-09,22.0,1.499914486202397,263
B0043,86,36,2010-06-10,22.0,1.4924106271188253,261
B0043,90,37,2010-06-10,22.0,1.492624987952706,261
B0043,92,38,2010-06-10,22.0,1.4924024018806028,259
B0043,94,39,2010-06-10,22.0,1.4853020201751674,258
B0043,96,40,2010-06-10,22.0,1.477208127101587,256
B0043,98,41,2010-06-11,22.0,1.4694738525181406,253
B0043,102,42,2010-06-11,4.0,0.057034391042653794,91
B0043,106,43,2010-06-11,4.0,0.0571536334895882,87
B0043,108,44,2010-06-11,4.0,0.05729366005937665,85
B0043,110,45,2010-06-11,4.0,0.05744203185278054,84
B0043,112,46,2010-06-16,4.0,0.06713062107721124,95
B0043,115,47,2010-06-16,4.0,0.06714781920234739,95
B0043,117,48,2010-06-16,4.0,0.06732001211690299,93
B0043,119,49,2010-06-16,4.0,0.06784038051613318,92
B0043,121,50,2010-06-17,4.0,0.06799604927210635,61
B0043,123,51,2010-06-17,4.0,0.06828011147886554,92
B0043,127,52,2010-06-17,4.0,0.06844632943125976,91
B0043,129,53,2010-06-17,4.0,0.06851361914788083,90
B0043,131,54,2010-06-17,4.0,0.06887402435616684,88
B0043,133,55,2010-06-17,4.0,0.056544389321695726,89
B0043,135,56,2010-06-17,4.0,0.06918353164189846,88
B0043,139,57,2010-06-18,4.0,0.059122086455436665,85
B0043,141,58,2010-06-18,4.0,0.06956120084140223,87
B0043,143,59,2010-06-18,4.0,0.07017897804376615,86
B0043,145,60,2010-06-18,4.0,0.07028148183862523,86
B0043,147,61,2010-06-18,4.0,0.05787364202878375,85
B0043,151,62,2010-06-18,4.0,0.07056618554293374,85
B0043,153,63,2010-06-18,4.0,0.057989410208958,84
B0043,155,64,2010-06-19,4.0,0.07129266446800787,52
B0043,157,65,2010-06-19,4.0,0.07146546557664281,50
B0043,159,66,2010-06-19,4.0,0.0716254973792324,49
B0043,163,67,2010-06-21,4.0,0.07192596356272017,88
B0043,167,68,2010-06-21,4.0,0.058840095111364746,87
B0043,169,69,2010-06-21,4.0,0.07213853480103966,85
B0043,171,70,2010-06-22,4.0,0.07231835711877917,52
B0043,173,71,2010-06-22,4.0,0.05938170626668099,86
B0043,175,72,2010-06-22,4.0,0.07294488485625279,83
B0043,179,73,2010-06-22,4.0,0.07306917734079586,83
B0043,181,74,2010-06-22,4.0,0.07317054128128272,82
B0043,183,75,2010-06-22,4.0,0.07347430293304898,82
B0043,185,76,2010-06-22,4.0,0.06010697591831878,81
B0043,187,77,2010-06-23,4.0,0.07383162509955737,80
B0043,191,78,2010-06-23,4.0,0.060495215307428206,81
B0043,193,79,2010-06-23,4.0,0.060604010237618126,79
B0043,195,80,2010-06-23,4.0,0.06073438432235217,66
B0043,197,81,2010-06-23,4.0,0.06099653048237791,49
B0043,199,82,2010-06-23,4.0,0.061130459259873135,10
B0043,203,83,2010-06-23,4.0,0.06129124410987595,10
B0043,205,84,2010-06-24,4.0,0.06130329065804092,9
B0043,207,85,2010-06-24,4.0,0.061151661574090986,10
B0043,209,86,2010-06-24,4.0,0.061405387192057306,9
B0043,211,87,2010-06-24,4.0,0.06175780765942851,9
B0043,215,88,2010-06-25,4.0,1.5250840516518187,457
B0043,219,89,2010-06-26,4.0,1.552568811301301,463
B0043,221,90,2010-06-26,4.0,1.5427752626774387,459
B0043,223,91,2010-06-26,4.0,1.5331932831264679,455
B0043,225,92,2010-06-26,4.0,1.5152721949172019,449
B0043,227,93,2010-06-26,4.0,1.5074989761997712,447
B0043,231,94,2010-06-27,4.0,1.4896288908647644,442
B0043,233,95,2010-06-27,4.0,1.4780778852088083,440
B0043,235,96,2010-06-27,4.0,1.4700035345334466,432
B0043,237,97,2010-06-27,4.0,1.4565623180137077,433
B0043,239,98,2010-06-27,4.0,1.445976962830235,430
B0043,243,99,2010-06-28,4.0,1.4325855992469252,426
B0043,245,100,2010-06-28,4.0,1.4197344854662965,423
B0043,247,101,2010-06-28,4.0,1.401262575071573,419
B0043,249,102,2010-06-28,4.0,1.3862945308535968,415
B0043,251,103,2010-06-28,4.0,1.384130256052478,412
B0043,255,104,2010-06-29,4.0,1.3651743201871416,409
B0043,257,105,2010-06-29,4.0,1.361508332192898,406
B0043,259,106,2010-06-29,4.0,1.351001663879717,403
B0043,261,107,2010-06-29,4.0,1.3282588067265129,400
B0043,263,108,2010-06-29,4.0,1.3257206687421472,396
B0043,267,109,2010-06-30,4.0,1.3142909715978441,395
B0043,269,110,2010-06-30,4.0,1.3003260094811093,391
B0043,271,111,2010-06-30,4.0,1.2881071401556836,388
B0043,273,112,2010-06-30,4.0,1.2767801501201566,385
B0044,2,1,2010-06-03,22.0,1.686525555152074,358
B0044,4,2,2010-06-04,22.0,1.6624606531639186,348
B0044,6,3,2010-06-04,22.0,1.6534010755700512,341
B0044,8,4,2010-06-04,22.0,1.6452145903490936,336
B0044,10,5,2010-06-04,22.0,1.635664062367341,330
B0044,14,6,2010-06-04,22.0,0.0,274
B0044,16,7,2010-06-04,22.0,1.6267769765146463,321
B0044,18,8,2010-06-05,22.0,1.6159715504743064,317
B0044,20,9,2010-06-05,22.0,1.6076028386649623,314
B0044,22,10,2010-06-05,22.0,1.6003360401431612,311
B0044,26,11,2010-06-05,22.0,1.5978700914991917,309
B0044,28,12,2010-06-05,22.0,1.5900310265163515,306
B0044,30,13,2010-06-05,22.0,1.5816311155652092,304
B0044,32,14,2010-06-06,22.0,1.5714556311034702,301
B0044,34,15,2010-06-06,22.0,1.563220798569978,299
B0044,38,16,2010-06-06,22.0,1.5606775388245586,298
B0044,40,17,2010-06-06,22.0,1.5523886011314287,295
B0044,42,18,2010-06-06,22.0,1.5444592876561967,293
B0044,44,19,2010-06-06,22.0,1.536558134180655,291
B0044,46,20,2010-06-07,22.0,1.5307255867941072,282
B0044,50,21,2010-06-07,22.0,1.545242808242328,292
B0044,54,22,2010-06-07,22.0,1.5397144491816253,289
B0044,56,23,2010-06-07,22.0,1.5305357077773765,287
B0044,58,24,2010-06-08,22.0,1.5199735224097084,284
B0044,60,25,2010-06-08,22.0,1.5136629526844203,281
B0044,62,26,2010-06-08,22.0,1.5012870006992953,279
B0044,66,27,2010-06-08,22.0,1.5023814734911674,279
B0044,68,28,2010-06-08,22.0,1.4980955154277502,277
B0044,70,29,2010-06-08,22.0,1.4906542391377111,275
B0044,72,30,2010-06-09,22.0,1.4843971639436213,272
B0044,74,31,2010-06-09,22.0,1.4725321936230114,271
B0044,78,32,2010-06-09,22.0,1.4663149382113208,270
B0044,80,33,2010-06-09,22.0,1.4671298468877776,268
B0044,82,34,2010-06-09,22.0,1.4593858997633138,266
B0044,84,35,2010-06-09,22.0,1.4467901368505207,263
B0044,86,36,2010-06-10,22.0,1.4390669859638228,261
B0044,90,37,2010-06-10,22.0,1.4389892550462602,261
B0044,92,38,2010-06-10,22.0,1.4386198779578576,259
B0044,94,39,2010-06-10,22.0,1.4313412096653504,258
B0044,96,40,2010-06-10,22.0,1.422973037663468,256
B0044,98,41,2010-06-11,22.0,1.4150153099745097,253
B0044,102,42,2010-06-11,4.0,0.0572172710622218,91
B0044,106,43,2010-06-11,4.0,0.0573587470253984,87
B0044,108,44,2010-06-11,4.0,0.05749687545445231,85
B0044,110,45,2010-06-11,4.0,0.05763088809888528,84
B0044,112,46,2010-06-16,4.0,0.055116913339787174,95
B0044,115,47,2010-06-16,4.0,0.06740755265748018,95
B0044,117,48,2010-06-16,4.0,0.0675676530317139,93
B0044,119,49,2010-06-16,4.0,0.055637310449156464,92
B0044,121,50,2010-06-17,4.0,0.06822433276106823,61
B0044,123,51,2010-06-17,4.0,0.056052453431514465,92
B0044,127,52,2010-06-17,4.0,0.06868220130105056,91
B0044,129,53,2010-06-17,4.0,0.06874755353346529,90
B0044,131,54,2010-06-17,4.0,0.05651439891347486,88
B0044,133,55,2010-06-17,4.0,0.05673307185387369,89
B0044,135,56,2010-06-17,4.0,0.0694133756360175,88
B0044,139,57,2010-06-18,4.0,0.05931766444664955,85
B0044,141,58,2010-06-18,4.0,0.06981707253622738,87
B0044,143,59,2010-06-18,4.0,0.05746435089694075,86
B0044,145,60,2010-06-18,4.0,0.07053774383993697,86
B0044,147,61,2010-06-18,4.0,0.05805466052344494,85
B0044,151,62,2010-06-18,4.0,0.07083992015291063,85
B0044,153,63,2010-06-18,4.0,0.058171836130525824,84
B0044,155,64,2010-06-19,4.0,0.05830515712798288,52
B0044,157,65,2010-06-19,4.0,0.05845592669367763,50
B0044,159,66,2010-06-19,4.0,0.05862986110638707,49
B0044,163,67,2010-06-21,4.0,0.05890033218383382,88
B0044,167,68,2010-06-21,4.0,0.05906467702011044,87
B0044,169,69,2010-06-21,4.0,0.07240579982844073,85
B0044,171,70,2010-06-22,4.0,0.07255632846891659,52
B0044,173,71,2010-06-22,4.0,0.05959222988909599,86
B0044,175,72,2010-06-22,4.0,0.07321709022768585,83
B0044,179,73,2010-06-22,4.0,0.05984100849986973,83
B0044,181,74,2010-06-22,4.0,0.07344347056971572,82
B0044,183,75,2010-06-22,4.0,0.07373739605923264,82
B0044,185,76,2010-06-22,4.0,0.06032312489727431,81
B0044,187,77,2010-06-23,4.0,0.07409611978234346,80
B0044,191,78,2010-06-23,4.0,0.060717150532954955,81
B0044,193,79,2010-06-23,4.0,0.06082844229397962,79
B0044,195,80,2010-06-23,4.0,0.060928844447982224,66
B0044,197,81,2010-06-23,4.0,0.061220387365620216,49
B0044,199,82,2010-06-23,4.0,0.06133677582691605,10
B0044,203,83,2010-06-23,4.0,0.0615021959933087,10
B0044,205,84,2010-06-24,4.0,0.0615436456229027,9
B0044,207,85,2010-06-24,4.0,0.061368282981907545,10
B0044,209,86,2010-06-24,4.0,0.061633508888739995,9
B0044,211,87,2010-06-24,4.0,0.061981030875948785,9
B0044,215,88,2010-06-25,4.0,1.4779954511171076,457
B0044,219,89,2010-06-26,4.0,1.494119871447679,463
B0044,221,90,2010-06-26,4.0,1.488007820113173,459
B0044,223,91,2010-06-26,4.0,1.4748338592717107,455
B0044,225,92,2010-06-26,4.0,1.4604378044785566,449
B0044,227,93,2010-06-26,4.0,1.452380841576719,447
B0044,231,94,2010-06-27,4.0,1.4411028883649861,442
B0044,233,95,2010-06-27,4.0,1.4300355978410688,440
B0044,235,96,2010-06-27,4.0,1.413943296719903,432
B0044,237,97,2010-06-27,4.0,1.3972667497450317,433
B0044,239,98,2010-06-27,4.0,1.3865375876825874,430
B0044,243,99,2010-06-28,4.0,1.3724753685724698,426
B0044,245,100,2010-06-28,4.0,1.3598593948812812,423
B0044,247,101,2010-06-28,4.0,1.3486733410392264,419
B0044,249,102,2010-06-28,4.0,1.3334258933205057,415
B0044,251,103,2010-06-28,4.0,1.3387793081075827,412
B0044,255,104,2010-06-29,4.0,1.3153320403016995,409
B0044,257,105,2010-06-29,4.0,1.322963328110081,406
B0044,259,106,2010-06-29,4.0,1.3086991524155074,403
B0044,261,107,2010-06-29,4.0,1.2897499583900436,400
B0044,263,108,2010-06-29,4.0,1.2906172590904164,396
B0044,267,109,2010-06-30,4.0,1.2752011253442166,395
B0044,269,110,2010-06-30,4.0,1.2686072657374579,391
B0044,271,111,2010-06-30,4.0,1.2565759973225976,388
B0044,273,112,2010-06-30,4.0,1.2486254509320867,385
B0045,0,1,2010-07-21,4.0,1.0819793880779518,490
B0045,4,2,2010-07-21,4.0,0.927952404748273,429
B0045,6,3,2010-07-22,4.0,0.885193608411576,424
B0045,8,4,2010-07-22,4.0,0.8581010699478283,419
B0045,10,5,2010-07-22,4.0,0.8409352213456689,415
B0045,12,6,2010-07-22,4.0,0.8245471942901911,411
B0045,16,7,2010-07-23,4.0,0.7935960418803983,409
B0045,20,8,2010-07-23,4.0,0.8183676087159205,409
B0045,22,9,2010-07-23,4.0,0.7977644276409412,404
B0045,24,10,2010-07-24,4.0,0.7993777411831636,400
B0045,26,11,2010-07-24,4.0,0.7783107440628891,396
B0045,28,12,2010-07-24,4.0,0.7803738231239117,393
B0045,32,13,2010-07-27,4.0,0.7713058245640294,397
B0045,36,14,2010-07-27,4.0,0.795279016979026,399
B0045,38,15,2010-07-28,4.0,0.7824128169919247,394
B0045,40,16,2010-07-28,4.0,0.7649414992231182,388
B0045,42,17,2010-07-28,4.0,0.7544899426779375,385
B0045,44,18,2010-07-28,4.0,0.7504048978314295,380
B0045,48,19,2010-07-28,4.0,0.7407258109620256,376
B0045,50,20,2010-07-29,4.0,0.0,175
B0045,52,21,2010-07-29,4.0,0.7308525593793626,388
B0045,54,22,2010-07-29,4.0,0.7287255851177903,370
B0045,56,23,2010-07-29,4.0,0.7161023377036263,365
B0045,60,24,2010-07-29,4.0,0.7129204834988017,363
B0045,62,25,2010-07-30,4.0,0.7141991829499618,360
B0045,64,26,2010-07-30,4.0,0.7190570819844222,357
B0045,66,27,2010-07-30,4.0,0.7173975428775917,352
B0045,68,28,2010-07-30,4.0,0.7071027496463946,350
B0045,72,29,2010-07-30,4.0,0.703531206505542,348
B0045,74,30,2010-07-31,4.0,0.6941108278958862,345
B0045,76,31,2010-07-31,4.0,0.6914114388869608,342
B0045,78,32,2010-07-31,4.0,0.6971551798505504,338
B0045,80,33,2010-07-31,4.0,0.6832460217432723,336
B0045,84,34,2010-08-03,4.0,0.6822029317493292,347
B0045,88,35,2010-08-03,4.0,0.7289529213213379,353
B0045,90,36,2010-08-04,4.0,0.7139321758287004,345
B0045,92,37,2010-08-04,4.0,0.6957731747455482,341
B0045,94,38,2010-08-04,4.0,0.7018312962317095,337
B0045,96,39,2010-08-04,4.0,0.6911808244378487,332
B0045,100,40,2010-08-04,4.0,0.6843279752855028,331
B0045,102,41,2010-08-05,4.0,0.6741394908812485,326
B0045,104,42,2010-08-05,4.0,0.6670070174301739,323
B0045,106,43,2010-08-05,4.0,0.6804085117374855,321
B0045,108,44,2010-08-05,4.0,0.6617864063235485,318
B0045,112,45,2010-08-05,4.0,0.6623168733492338,316
B0045,114,46,2010-08-05,4.0,0.6679358357181778,313
B0045,116,47,2010-08-06,4.0,0.6488990885270688,311
B0045,118,48,2010-08-06,4.0,0.6503639129625527,309
B0045,120,49,2010-08-06,4.0,0.6572077690202801,301
B0045,124,50,2010-08-06,4.0,0.6363517458476216,305
B0045,126,51,2010-08-06,4.0,0.6536449360948587,303
B0045,128,52,2010-08-07,4.0,0.6391428272150887,300
B0045,130,53,2010-08-07,4.0,0.6482206049496236,297
B0045,132,54,2010-08-07,4.0,0.6287957471922729,245
B0045,136,55,2010-08-10,4.0,0.6380571850193401,323
B0045,140,56,2010-08-10,4.0,0.6554825047832906,318
B0045,142,57,2010-08-11,4.0,0.6484934835397033,312
B0045,144,58,2010-08-11,4.0,0.6454071687844921,308
B0045,146,59,2010-08-11,4.0,0.6427008031845645,306
B0045,148,60,2010-08-11,4.0,0.6352454880802477,303
B0045,152,61,2010-08-12,4.0,0.6156760019587869,304
B0045,156,62,2010-08-12,4.0,0.6170833682807023,307
B0045,158,63,2010-08-12,4.0,0.6434227390858672,302
B0045,160,64,2010-08-13,4.0,0.6278124433742752,297
B0045,162,65,2010-08-13,4.0,0.6290078315253372,295
B0045,164,66,2010-08-13,4.0,0.0,131
B0045,168,67,2010-08-16,4.0,0.6266355568292261,325
B0045,172,68,2010-08-16,4.0,0.6495813516716594,310
B0045,174,69,2010-08-16,4.0,0.6337485177966306,304
B0045,176,70,2010-08-17,4.0,0.6298550929085645,302
B0045,178,71,2010-08-17,4.0,0.6183063778386736,297
B0045,180,72,2010-08-17,4.0,0.6069476168507777,294
B0046,0,1,2010-07-21,4.0,1.7282392323598248,490
B0046,4,2,2010-07-21,4.0,1.5161488467923143,429
B0046,6,3,2010-07-22,4.0,1.503121190703977,424
B0046,8,4,2010-07-22,4.0,1.48586566102824,419
B0046,10,5,2010-07-22,4.0,1.4694562316392716,415
B0046,12,6,2010-07-22,4.0,1.4589554592644807,411
B0046,16,7,2010-07-23,4.0,1.4556853555098295,409
B0046,20,8,2010-07-23,4.0,1.456232262380321,409
B0046,22,9,2010-07-23,4.0,1.4440592236675138,404
B0046,24,10,2010-07-24,4.0,1.428294264765868,400
B0046,26,11,2010-07-24,4.0,1.4199848948034668,396
B0046,28,12,2010-07-24,4.0,1.4043226018516568,393
B0046,32,13,2010-07-27,4.0,1.4234351301615986,397
B0046,36,14,2010-07-27,4.0,1.4339948857967295,399
B0046,38,15,2010-07-28,4.0,1.4185177047756572,394
B0046,40,16,2010-07-28,4.0,1.4056313337829422,388
B0046,42,17,2010-07-28,4.0,1.3890214025155618,385
B0046,44,18,2010-07-28,4.0,1.3723339082737365,380
B0046,48,19,2010-07-28,4.0,1.3615778905990565,376
B0046,50,20,2010-07-29,4.0,0.0,175
B0046,52,21,2010-07-29,4.0,1.4100282016237429,388
B0046,54,22,2010-07-29,4.0,1.3395671374926488,370
B0046,56,23,2010-07-29,4.0,1.3291515487117478,365
B0046,60,24,2010-07-29,4.0,1.3181687033905718,363
B0046,62,25,2010-07-30,4.0,1.312423708466101,360
B0046,64,26,2010-07-30,4.0,1.2993237532162487,357
B0046,66,27,2010-07-30,4.0,1.2877483042174591,352
B0046,68,28,2010-07-30,4.0,1.2865282739749122,350
B0046,72,29,2010-07-30,4.0,1.2719636386987183,348
B0046,74,30,2010-07-31,4.0,1.2714495345417192,345
B0046,76,31,2010-07-31,4.0,1.2615423884659074,342
B0046,78,32,2010-07-31,4.0,1.2421201619204132,338
B0046,80,33,2010-07-31,4.0,1.2402537441669796,336
B0046,84,34,2010-08-03,4.0,1.2851130012242886,347
B0046,88,35,2010-08-03,4.0,1.3043327841699193,353
B0046,90,36,2010-08-04,4.0,1.2778639041619957,345
B0046,92,37,2010-08-04,4.0,1.2723464591651539,341
B0046,94,38,2010-08-04,4.0,1.2477883952768762,337
B0046,96,39,2010-08-04,4.0,1.2352499196655526,332
B0046,100,40,2010-08-04,4.0,1.229251291851949,331
B0046,102,41,2010-08-05,4.0,1.223890910501634,326
B0046,104,42,2010-08-05,4.0,1.205423323571373,323
B0046,106,43,2010-08-05,4.0,1.1957824090008151,321
B0046,108,44,2010-08-05,4.0,1.1900729496698461,318
B0046,112,45,2010-08-05,4.0,1.179201763233652,316
B0046,114,46,2010-08-05,4.0,1.169504032514554,313
B0046,116,47,2010-08-06,4.0,1.16772376849918,311
B0046,118,48,2010-08-06,4.0,1.1579256145829042,309
B0046,120,49,2010-08-06,4.0,1.1499812813376982,301
B0046,124,50,2010-08-06,4.0,1.150285902223034,305
B0046,126,51,2010-08-06,4.0,1.1349452274085248,303
B0046,128,52,2010-08-07,4.0,1.1380960963513609,300
B0046,130,53,2010-08-07,4.0,1.123711172150547,297
B0046,132,54,2010-08-07,4.0,0.0,245
B0046,136,55,2010-08-10,4.0,1.214119211354098,323
B0046,140,56,2010-08-10,4.0,1.211944797522819,318
B0046,142,57,2010-08-11,4.0,1.1971248679331923,312
B0046,144,58,2010-08-11,4.0,1.1822892151870987,308
B0046,146,59,2010-08-11,4.0,1.1645336676778397,306
B0046,148,60,2010-08-11,4.0,1.1535559567518647,303
B0046,152,61,2010-08-12,4.0,1.1601987101282065,304
B0046,156,62,2010-08-12,4.0,1.1711716308206082,307
B0046,158,63,2010-08-12,4.0,1.1563410270783216,302
B0046,160,64,2010-08-13,4.0,1.141082456193516,297
B0046,162,65,2010-08-13,4.0,1.1352383596118123,295
B0046,164,66,2010-08-13,4.0,0.0,131
B0046,168,67,2010-08-16,4.0,1.2530847858282803,325
B0046,172,68,2010-08-16,4.0,1.2050453590356518,310
B0046,174,69,2010-08-16,4.0,1.19119860196273,304
B0046,176,70,2010-08-17,4.0,1.17463817374538,302
B0046,178,71,2010-08-17,4.0,1.1555432048235512,297
B0046,180,72,2010-08-17,4.0,1.1538041170229467,294
B0047,0,1,2010-07-21,4.0,1.6743047446975208,490
B0047,4,2,2010-07-21,4.0,1.5243662105099023,429
B0047,6,3,2010-07-22,4.0,1.5080762969973425,424
B0047,8,4,2010-07-22,4.0,1.4835577960067696,419
B0047,10,5,2010-07-22,4.0,1.4671391666146525,415
B0047,12,6,2010-07-22,4.0,1.448858156982267,411
B0047,16,7,2010-07-23,4.0,1.4458534180949325,409
B0047,20,8,2010-07-23,4.0,1.431118266178283,409
B0047,22,9,2010-07-23,4.0,1.4192745516578533,404
B0047,24,10,2010-07-24,4.0,1.3999974221808271,400
B0047,26,11,2010-07-24,4.0,1.3885156686114437,396
B0047,28,12,2010-07-24,4.0,1.3652234669528964,393
B0047,32,13,2010-07-27,4.0,1.4060442272970963,397
B0047,36,14,2010-07-27,4.0,1.4057541613525781,399
B0047,38,15,2010-07-28,4.0,1.3867662881727878,394
B0047,40,16,2010-07-28,4.0,1.3705053061420223,388
B0047,42,17,2010-07-28,4.0,1.3497431114823601,385
B0047,44,18,2010-07-28,4.0,1.3251533367939783,380
B0047,48,19,2010-07-28,4.0,1.3111943869635805,376
B0047,50,20,2010-07-29,4.0,0.0,175
B0047,52,21,2010-07-29,4.0,1.3394234405932892,388
B0047,54,22,2010-07-29,4.0,1.2849157142560723,370
B0047,56,23,2010-07-29,4.0,1.281719159327807,365
B0047,60,24,2010-07-29,4.0,1.2600051642942829,363
B0047,62,25,2010-07-30,4.0,1.266070385993126,360
B0047,64,26,2010-07-30,4.0,1.2413590294280803,357
B0047,66,27,2010-07-30,4.0,1.2298873703485311,352
B0047,68,28,2010-07-30,4.0,1.228088614506696,350
B0047,72,29,2010-07-30,4.0,1.2139857189070042,348
B0047,74,30,2010-07-31,4.0,1.2173435064564189,345
B0047,76,31,2010-07-31,4.0,1.2073445944515917,342
B0047,78,32,2010-07-31,4.0,1.18804049227045,338
B0047,80,33,2010-07-31,4.0,1.186304749886542,336
B0047,84,34,2010-08-03,4.0,1.2613935471028506,347
B0047,88,35,2010-08-03,4.0,1.2648246158850653,353
B0047,90,36,2010-08-04,4.0,1.2466494548982199,345
B0047,92,37,2010-08-04,4.0,1.2333924152795082,341
B0047,94,38,2010-08-04,4.0,1.2129250072037692,337
B0047,96,39,2010-08-04,4.0,1.1999106597943647,332
B0047,100,40,2010-08-04,4.0,1.1902559038393383,331
B0047,102,41,2010-08-05,4.0,1.1892563795455853,326
B0047,104,42,2010-08-05,4.0,1.167069685125939,323
B0047,106,43,2010-08-05,4.0,1.1615348403090369,321
B0047,108,44,2010-08-05,4.0,1.1555563844349988,318
B0047,112,45,2010-08-05,4.0,1.1488524666097713,316
B0047,114,46,2010-08-05,4.0,1.143572986788779,313
B0047,116,47,2010-08-06,4.0,1.1418015379428537,311
B0047,118,48,2010-08-06,4.0,1.136058647502255,309
B0047,120,49,2010-08-06,4.0,1.1236364680969286,301
B0047,124,50,2010-08-06,4.0,1.1320498900328944,305
B0047,126,51,2010-08-06,4.0,1.1170101762158153,303
B0047,128,52,2010-08-07,4.0,1.120043039721982,300
B0047,130,53,2010-08-07,4.0,1.1059773445917063,297
B0047,132,54,2010-08-07,4.0,0.0,245
B0047,136,55,2010-08-10,4.0,1.1907902374762016,323
B0047,140,56,2010-08-10,4.0,1.2012387088454022,318
B0047,142,57,2010-08-11,4.0,1.1906909549024802,312
B0047,144,58,2010-08-11,4.0,1.1764375730308343,308
B0047,146,59,2010-08-11,4.0,1.1628110372792353,306
B0047,148,60,2010-08-11,4.0,1.1516152840582585,303
B0047,152,61,2010-08-12,4.0,1.1583673498348623,304
B0047,156,62,2010-08-12,4.0,1.1692285288386206,307
B0047,158,63,2010-08-12,4.0,1.1588148476218465,302
B0047,160,64,2010-08-13,4.0,1.1439588147705457,297
B0047,162,65,2010-08-13,4.0,1.1383941068159398,295
B0047,164,66,2010-08-13,4.0,0.0,131
B0047,168,67,2010-08-16,4.0,1.2213102850395667,325
B0047,172,68,2010-08-16,4.0,1.2031062978889062,310
B0047,174,69,2010-08-16,4.0,1.1897147112197684,304
B0047,176,70,2010-08-17,4.0,1.177422568842014,302
B0047,178,71,2010-08-17,4.0,1.158443027293818,297
B0047,180,72,2010-08-17,4.0,1.1567087516841796,294
B0048,0,1,2010-07-21,4.0,1.6579955793677608,490
B0048,4,2,2010-07-21,4.0,1.5076933476098775,429
B0048,6,3,2010-07-22,4.0,1.4989223343608031,424
B0048,8,4,2010-07-22,4.0,1.4782919502497789,419
B0048,10,5,2010-07-22,4.0,1.461856891390611,415
B0048,12,6,2010-07-22,4.0,1.4509592706473475,411
B0048,16,7,2010-07-23,4.0,1.451746997147108,409
B0048,20,8,2010-07-23,4.0,1.444392866287476,409
B0048,22,9,2010-07-23,4.0,1.432738323965376,404
B0048,24,10,2010-07-24,4.0,1.417241201438662,400
B0048,26,11,2010-07-24,4.0,1.4057559944573452,396
B0048,28,12,2010-07-24,4.0,1.3902706269897063,393
B0048,32,13,2010-07-27,4.0,1.4196659307880326,397
B0048,36,14,2010-07-27,4.0,1.4190563985232272,399
B0048,38,15,2010-07-28,4.0,1.404272356704056,394
B0048,40,16,2010-07-28,4.0,1.3916140490958342,388
B0048,42,17,2010-07-28,4.0,1.3749618350294734,385
B0048,44,18,2010-07-28,4.0,1.3545155713071164,380
B0048,48,19,2010-07-28,4.0,1.3440223073315984,376
B0048,50,20,2010-07-29,4.0,0.0,175
B0048,52,21,2010-07-29,4.0,1.372384475860572,388
B0048,54,22,2010-07-29,4.0,1.3184105752674413,370
B0048,56,23,2010-07-29,4.0,1.3112727599578604,365
B0048,60,24,2010-07-29,4.0,1.2970172419001187,363
B0048,62,25,2010-07-30,4.0,1.2995219526631718,360
B0048,64,26,2010-07-30,4.0,1.2826154066729571,357
B0048,66,27,2010-07-30,4.0,1.2752890152407,352
B0048,68,28,2010-07-30,4.0,1.2735572473264072,350
B0048,72,29,2010-07-30,4.0,1.2594114333938535,348
B0048,74,30,2010-07-31,4.0,1.2631632585495876,345
B0048,76,31,2010-07-31,4.0,1.2491717310136363,342
B0048,78,32,2010-07-31,4.0,1.233984347835307,338
B0048,80,33,2010-07-31,4.0,1.240031992028868,336
B0048,84,34,2010-08-03,4.0,1.30370857198071,347
B0048,88,35,2010-08-03,4.0,1.315055963470538,353
B0048,90,36,2010-08-04,4.0,1.2888738300982074,345
B0048,92,37,2010-08-04,4.0,1.2877137595885193,341
B0048,94,38,2010-08-04,4.0,1.2673379985315463,337
B0048,96,39,2010-08-04,4.0,1.250594345697306,332
B0048,100,40,2010-08-04,4.0,1.2487131179395878,331
B0048,102,41,2010-08-05,4.0,1.248002326082933,326
B0048,104,42,2010-08-05,4.0,1.2300895244599586,323
B0048,106,43,2010-08-05,4.0,1.2244197121500935,321
B0048,108,44,2010-08-05,4.0,1.2186682845116386,318
B0048,112,45,2010-08-05,4.0,1.2037865236033616,316
B0048,114,46,2010-08-05,4.0,1.1947642300832226,313
B0048,116,47,2010-08-06,4.0,1.2052091893871497,311
B0048,118,48,2010-08-06,4.0,1.1955746593628465,309
B0048,120,49,2010-08-06,4.0,1.1888497102149884,301
B0048,124,50,2010-08-06,4.0,1.1915605250807406,305
B0048,126,51,2010-08-06,4.0,1.1726587153109655,303
B0048,128,52,2010-08-07,4.0,1.1841133872494156,300
B0048,130,53,2010-08-07,4.0,1.1576825122317769,297
B0048,132,54,2010-08-07,4.0,0.0,245
B0048,136,55,2010-08-10,4.0,1.259355851168598,323
B0048,140,56,2010-08-10,4.0,1.265883375278026,318
B0048,142,57,2010-08-11,4.0,1.2472598673184119,312
B0048,144,58,2010-08-11,4.0,1.232808747256218,308
B0048,146,59,2010-08-11,4.0,1.2319592783041904,306
B0048,148,60,2010-08-11,4.0,1.220785786262778,303
B0048,152,61,2010-08-12,4.0,1.2275441303266783,304
B0048,156,62,2010-08-12,4.0,1.2386788414290355,307
B0048,158,63,2010-08-12,4.0,1.2283577755407058,302
B0048,160,64,2010-08-13,4.0,1.2095481507570451,297
B0048,162,65,2010-08-13,4.0,1.2082142070681048,295
B0048,164,66,2010-08-13,4.0,0.0,131
B0048,168,67,2010-08-16,4.0,1.2998734542832147,325
B0048,172,68,2010-08-16,4.0,1.2691220651743778,310
B0048,174,69,2010-08-16,4.0,1.2555144634690785,304
B0048,176,70,2010-08-17,4.0,1.2519876926897657,302
B0048,178,71,2010-08-17,4.0,1.2374982003019996,297
B0048,180,72,2010-08-17,4.0,1.2231273969878986,294
B0049,0,1,2010-08-23,4.0,0.8583727215167135,183
B0049,4,2,2010-08-23,4.0,1.4209057149417375,335
B0049,6,3,2010-08-24,4.0,1.372852133389263,329
B0049,8,4,2010-08-24,4.0,1.3643742487429145,318
B0049,10,5,2010-08-26,4.0,2.378643730568756,465
B0049,14,6,2010-08-26,4.0,1.0605357965671216,548
B0049,16,7,2010-08-26,4.0,1.0069932376659496,269
B0049,18,8,2010-08-27,4.0,0.9298775334359536,273
B0049,20,9,2010-08-27,4.0,0.9232377029483808,264
B0049,22,10,2010-08-27,4.0,0.9053279121173716,297
B0049,26,11,2010-08-27,4.0,0.8595848360639872,193
B0049,28,12,2010-08-27,4.0,0.8369614294820705,263
B0049,30,13,2010-08-27,4.0,0.8456824187653132,281
B0049,32,14,2010-08-28,4.0,0.8071214007577537,185
B0049,34,15,2010-08-28,4.0,0.7820744360746734,176
B0049,38,16,2010-08-28,4.0,0.7953019444133349,169
B0049,40,17,2010-08-28,4.0,0.0,24
B0049,42,18,2010-08-28,4.0,0.7752051154719997,182
B0049,44,19,2010-08-28,4.0,0.7711865903845158,221
B0049,46,20,2010-08-28,4.0,0.7585098914517947,161
B0049,50,21,2010-08-29,4.0,0.7349386490499009,171
B0049,52,22,2010-08-29,4.0,0.7366758033690756,154
B0049,54,23,2010-08-29,4.0,0.7093946599203638,163
B0049,56,24,2010-08-29,4.0,0.7186465009220309,151
B0049,58,25,2010-08-29,4.0,0.6913885231046639,159
B0050,0,1,2010-08-23,4.0,0.8631448527758341,183
B0050,4,2,2010-08-23,4.0,1.648789607776492,335
B0050,6,3,2010-08-24,4.0,1.601636485397804,329
B0050,8,4,2010-08-24,4.0,1.5517564797427017,318
B0050,10,5,2010-08-26,4.0,0.03255841710834194,465
B0050,14,6,2010-08-26,4.0,2.6401491157387014,548
B0050,16,7,2010-08-26,4.0,1.359027658891632,269
B0050,18,8,2010-08-27,4.0,1.3742172692238257,273
B0050,20,9,2010-08-27,4.0,1.3528030430821978,264
B0050,22,10,2010-08-27,4.0,1.3607406193458433,297
B0050,26,11,2010-08-27,4.0,0.5268786924650971,193
B0050,28,12,2010-08-27,4.0,1.4002714246164416,263
B0050,30,13,2010-08-27,4.0,1.4289274755270827,281
B0050,32,14,2010-08-28,4.0,0.07658354174014805,185
B0050,34,15,2010-08-28,4.0,0.5736933387569048,176
B0050,38,16,2010-08-28,4.0,0.3014742035427856,169
B0050,40,17,2010-08-28,4.0,0.0,24
B0050,42,18,2010-08-28,4.0,0.17956542632321462,182
B0050,44,19,2010-08-28,4.0,1.179168781562907,221
B0050,46,20,2010-08-28,4.0,0.0961913170505672,161
B0050,50,21,2010-08-29,4.0,0.27808517709104497,171
B0050,52,22,2010-08-29,4.0,,154
B0050,54,23,2010-08-29,4.0,,163
B0050,56,24,2010-08-29,4.0,,151
B0050,58,25,2010-08-29,4.0,,159
B0051,0,1,2010-08-23,4.0,0.6434735598158292,183
B0051,4,2,2010-08-23,4.0,1.2931804619982779,335
B0051,6,3,2010-08-24,4.0,1.2288940261191657,329
B0051,8,4,2010-08-24,4.0,1.2039031789717949,318
B0051,10,5,2010-08-26,4.0,2.330873478782131,465
B0051,14,6,2010-08-26,4.0,1.0092808819126011,548
B0051,16,7,2010-08-26,4.0,0.9565659895125322,269
B0051,18,8,2010-08-27,4.0,0.901956291365404,273
B0051,20,9,2010-08-27,4.0,0.8897906666138162,264
B0051,22,10,2010-08-27,4.0,0.8830717036634559,297
B0051,26,11,2010-08-27,4.0,0.8431270354481757,193
B0051,28,12,2010-08-27,4.0,0.826559103449663,263
B0051,30,13,2010-08-27,4.0,0.8352681546837963,281
B0051,32,14,2010-08-28,4.0,0.8025719464987874,185
B0051,34,15,2010-08-28,4.0,0.7839218784699513,176
B0051,38,16,2010-08-28,4.0,0.7910763493036002,169
B0051,40,17,2010-08-28,4.0,0.0,24
B0051,42,18,2010-08-28,4.0,0.7654538269480236,182
B0051,44,19,2010-08-28,4.0,0.773177347633947,221
B0051,46,20,2010-08-28,4.0,0.7605293776416485,161
B0051,50,21,2010-08-29,4.0,0.7376430319247004,171
B0051,52,22,2010-08-29,4.0,0.739179500257907,154
B0051,54,23,2010-08-29,4.0,0.7014575429842594,163
B0051,56,24,2010-08-29,4.0,0.7047349480541781,151
B0051,58,25,2010-08-29,4.0,0.677848893570423,159
B0052,0,1,2010-08-23,4.0,0.8606591508342232,183
B0052,4,2,2010-08-23,4.0,1.4183095114360322,335
B0052,6,3,2010-08-24,4.0,1.3707123028693164,329
B0052,8,4,2010-08-24,4.0,1.3515647352626494,318
B0052,10,5,2010-08-26,4.0,,465
B0052,14,6,2010-08-26,4.0,,548
B0052,16,7,2010-08-26,4.0,,269
B0052,18,8,2010-08-27,4.0,,273
B0052,20,9,2010-08-27,4.0,,264
B0052,22,10,2010-08-27,4.0,,297
B0052,26,11,2010-08-27,4.0,,193
B0052,28,12,2010-08-27,4.0,,263
B0052,30,13,2010-08-27,4.0,,281
B0052,32,14,2010-08-28,4.0,,185
B0052,34,15,2010-08-28,4.0,,176
B0052,38,16,2010-08-28,4.0,,169
B0052,40,17,2010-08-28,4.0,,24
B0052,42,18,2010-08-28,4.0,,182
B0052,44,19,2010-08-28,4.0,,221
B0052,46,20,2010-08-28,4.0,,161
B0052,50,21,2010-08-29,4.0,,171
B0052,52,22,2010-08-29,4.0,,154
B0052,54,23,2010-08-29,4.0,,163
B0052,56,24,2010-08-29,4.0,,151
B0052,58,25,2010-08-29,4.0,,159
B0053,0,1,2010-09-17,4.0,1.0691417886194299,215
B0053,4,2,2010-09-17,4.0,1.1540727934432229,233
B0053,6,3,2010-09-17,4.0,1.1501525413826983,229
B0053,8,4,2010-09-18,4.0,1.1305863853936766,225
B0053,10,5,2010-09-18,4.0,1.121790272357562,223
B0053,12,6,2010-09-18,4.0,1.1135982401443856,222
B0053,16,7,2010-09-18,4.0,1.0864654057095062,223
B0053,18,8,2010-09-18,4.0,1.0647493568993147,221
B0053,20,9,2010-09-18,4.0,1.0809288094959644,218
B0053,22,10,2010-09-19,4.0,1.0852752041846463,216
B0053,24,11,2010-09-19,4.0,1.0504799933740894,216
B0053,28,12,2010-09-19,4.0,1.0853550177054305,212
B0053,30,13,2010-09-19,4.0,1.0508395690790722,214
B0053,32,14,2010-09-19,4.0,1.060906788333118,211
B0053,34,15,2010-09-19,4.0,1.070582461063814,210
B0053,36,16,2010-09-20,4.0,1.024036665663697,209
B0053,40,17,2010-09-20,4.0,1.0670957253433857,207
B0053,42,18,2010-09-20,4.0,1.0279237850447498,208
B0053,44,19,2010-09-20,4.0,1.0325426399701008,206
B0053,46,20,2010-09-20,4.0,1.055948784653705,202
B0053,48,21,2010-09-20,4.0,1.0445313831308718,205
B0053,52,22,2010-09-21,4.0,1.035313906812183,208
B0053,56,23,2010-09-21,4.0,1.076341053101982,208
B0053,58,24,2010-09-22,4.0,1.0352223140423542,200
B0053,60,25,2010-09-22,4.0,1.0514287056908256,203
B0053,62,26,2010-09-22,4.0,1.060332934638968,199
B0053,64,27,2010-09-22,4.0,1.0236966462748538,201
B0053,68,28,2010-09-22,4.0,1.0465884668750887,199
B0053,70,29,2010-09-22,4.0,1.0031121684812232,199
B0053,72,30,2010-09-23,4.0,1.0461578935615607,195
B0053,74,31,2010-09-23,4.0,1.0156263513525605,196
B0053,76,32,2010-09-23,4.0,1.0250054893129452,194
B0053,80,33,2010-09-23,4.0,0.9801331625592913,195
B0053,82,34,2010-09-23,4.0,1.036777776420363,191
B0053,84,35,2010-09-23,4.0,1.026830062058722,191
B0053,86,36,2010-09-23,4.0,1.0150379662805102,191
B0053,88,37,2010-09-24,4.0,0.9904614739486177,191
B0053,92,38,2010-09-24,4.0,1.0145765174582757,190
B0053,94,39,2010-09-24,4.0,0.9811308944080389,190
B0053,96,40,2010-09-24,4.0,1.0041687429386437,188
B0053,98,41,2010-09-24,4.0,1.007820487960787,186
B0053,100,42,2010-09-24,4.0,0.982454133084564,184
B0053,104,43,2010-09-28,4.0,1.1096775355538027,200
B0053,108,44,2010-09-28,4.0,1.1136801589914762,198
B0053,110,45,2010-09-28,4.0,1.0385009100572404,197
B0053,112,46,2010-09-29,4.0,1.0768815902180078,192
B0053,114,47,2010-09-29,4.0,1.0721705505837382,191
B0053,116,48,2010-09-29,4.0,1.0124588999851116,190
B0053,120,49,2010-09-29,4.0,1.0279944857549583,188
B0053,122,50,2010-09-29,4.0,1.0304147279049998,189
B0053,124,51,2010-09-29,4.0,1.0556163273995052,185
B0053,126,52,2010-09-29,4.0,1.0011115418162628,186
B0053,128,53,2010-09-30,4.0,1.0466839215498662,182
B0053,132,54,2010-09-30,4.0,1.047181656018543,181
B0053,134,55,2010-09-30,4.0,1.0102740078425778,184
B0053,136,56,2010-09-30,4.0,0.0,3
B0054,0,1,2010-09-03,4.0,0.7399351039859233,280
B0054,4,2,2010-09-03,4.0,1.1665440238116096,299
B0054,6,3,2010-09-03,4.0,1.1052521456138635,296
B0054,8,4,2010-09-04,4.0,1.0960302257185877,284
B0054,10,5,2010-09-04,4.0,1.0754450685609742,289
B0054,12,6,2010-09-04,4.0,1.0655493528023796,276
B0054,16,7,2010-09-04,4.0,1.0568368579972396,260
B0054,18,8,2010-09-04,4.0,1.0449064445364842,251
B0054,20,9,2010-09-04,4.0,1.0458363976936966,275
B0054,22,10,2010-09-05,4.0,1.018187920878015,270
B0054,24,11,2010-09-05,4.0,1.0226409233672233,242
B0054,28,12,2010-09-05,4.0,1.03890961861509,267
B0054,30,13,2010-09-05,4.0,1.0173250354350074,261
B0054,32,14,2010-09-05,4.0,1.033183911994548,261
B0054,34,15,2010-09-05,4.0,1.0095232119739597,258
B0054,36,16,2010-09-06,4.0,0.9862483259626477,257
B0054,40,17,2010-09-06,4.0,1.0080048320000436,251
B0054,42,18,2010-09-06,4.0,1.0153387761254196,242
B0054,44,19,2010-09-06,4.0,1.0106786853355956,248
B0054,46,20,2010-09-06,4.0,1.010409656585336,248
B0054,48,21,2010-09-06,4.0,0.9801433323963482,247
B0054,52,22,2010-09-09,4.0,1.1016641723624385,258
B0054,56,23,2010-09-09,4.0,1.0826512239001271,255
B0054,58,24,2010-09-10,4.0,1.0575008387868343,251
B0054,60,25,2010-09-10,4.0,1.0385517331615322,245
B0054,62,26,2010-09-10,4.0,1.0073294901291132,245
B0054,64,27,2010-09-10,4.0,1.0160400308540347,242
B0054,68,28,2010-09-10,4.0,1.0158319636440951,240
B0054,70,29,2010-09-10,4.0,1.0015383803216271,237
B0054,72,30,2010-09-11,4.0,0.9812488615918239,234
B0054,74,31,2010-09-11,4.0,0.9987416030110134,233
B0054,76,32,2010-09-11,4.0,0.9584014230949642,233
B0054,80,33,2010-09-11,4.0,0.9800846133894623,228
B0054,82,34,2010-09-11,4.0,0.9720372198962766,229
B0054,84,35,2010-09-11,4.0,0.9693202807518411,226
B0054,86,36,2010-09-12,4.0,0.9479786388506265,227
B0054,88,37,2010-09-12,4.0,0.9638519569071228,222
B0054,92,38,2010-09-12,4.0,0.9682336695484697,223
B0054,94,39,2010-09-12,4.0,0.9407020864603765,223
B0054,96,40,2010-09-12,4.0,0.9618442077038963,220
B0054,98,41,2010-09-12,4.0,0.9332340144199703,219
B0054,100,42,2010-09-12,4.0,0.9313454737145217,218
B0054,104,43,2010-09-14,4.0,0.9976429099116705,226
B0054,108,44,2010-09-14,4.0,0.9833315262972037,223
B0054,110,45,2010-09-14,4.0,0.9904370062777442,221
B0054,112,46,2010-09-15,4.0,0.9499871340436294,219
B0054,114,47,2010-09-15,4.0,0.9526027840900876,216
B0054,116,48,2010-09-17,4.0,0.8850175175465715,215
B0054,120,49,2010-09-17,4.0,0.9937402750241768,233
B0054,122,50,2010-09-17,4.0,0.995507330519279,229
B0054,124,51,2010-09-18,4.0,0.975407870968116,225
B0054,126,52,2010-09-18,4.0,0.965960558373922,223
B0054,128,53,2010-09-18,4.0,0.9573702621688754,222
B0054,132,54,2010-09-18,4.0,0.9294756591964932,223
B0054,134,55,2010-09-18,4.0,0.9323553879823946,221
B0054,136,56,2010-09-18,4.0,0.954568378404969,218
B0054,138,57,2010-09-19,4.0,0.9330242104372937,216
B0054,140,58,2010-09-19,4.0,0.923294184000959,216
B0054,144,59,2010-09-19,4.0,0.9257799164262976,212
B0054,146,60,2010-09-19,4.0,0.9162765793280084,214
B0054,148,61,2010-09-19,4.0,0.9387011679112469,211
B0054,150,62,2010-09-19,4.0,0.9158990586877171,210
B0054,152,63,2010-09-20,4.0,0.9202608990433788,209
B0054,156,64,2010-09-20,4.0,0.9111253917360889,207
B0054,158,65,2010-09-20,4.0,0.8980507043695345,208
B0054,160,66,2010-09-20,4.0,0.9278864624016372,206
B0054,162,67,2010-09-20,4.0,0.9118415396987224,202
B0054,164,68,2010-09-20,4.0,0.8936491649329469,205
B0054,168,69,2010-09-21,4.0,0.9100864492604255,208
B0054,172,70,2010-09-21,4.0,0.9114904731460941,208
B0054,174,71,2010-09-22,4.0,0.9337172811638196,200
B0054,176,72,2010-09-22,4.0,0.8981517756068776,203
B0054,178,73,2010-09-22,4.0,0.9139367135371254,199
B0054,180,74,2010-09-22,4.0,0.8764848617154279,201
B0054,184,75,2010-09-22,4.0,0.8854917958581964,199
B0054,186,76,2010-09-22,4.0,0.8819074622846708,199
B0054,188,77,2010-09-23,4.0,0.9045809105944795,195
B0054,190,78,2010-09-23,4.0,0.8734606349455996,196
B0054,192,79,2010-09-23,4.0,0.903131190986828,194
B0054,196,80,2010-09-23,4.0,0.8712217754060124,195
B0054,198,81,2010-09-23,4.0,0.8936499043476617,191
B0054,200,82,2010-09-23,4.0,0.8835064014687892,191
B0054,202,83,2010-09-23,4.0,0.8779403705367915,191
B0054,204,84,2010-09-24,4.0,0.8599389109365094,191
B0054,208,85,2010-09-24,4.0,0.8697358119609565,190
B0054,210,86,2010-09-24,4.0,0.8638271814812677,190
B0054,212,87,2010-09-24,4.0,0.8865694537789144,188
B0054,214,88,2010-09-24,4.0,0.8690078572313327,186
B0054,216,89,2010-09-24,4.0,0.8474446088377652,184
B0054,220,90,2010-09-28,4.0,0.8799727721580702,200
B0054,224,91,2010-09-28,4.0,0.9110444582768508,198
B0054,226,92,2010-09-28,4.0,0.9121724293355059,197
B0054,228,93,2010-09-29,4.0,0.8872043975884799,192
B0054,230,94,2010-09-29,4.0,0.8961236767959215,191
B0054,232,95,2010-09-29,4.0,0.8851334001128452,190
B0054,236,96,2010-09-29,4.0,0.8793386645436118,188
B0054,238,97,2010-09-29,4.0,0.8461224238450626,189
B0054,240,98,2010-09-29,4.0,0.8705933152969343,185
B0054,242,99,2010-09-29,4.0,0.8440520909609104,186
B0054,244,100,2010-09-30,4.0,0.8536244678403578,182
B0054,248,101,2010-09-30,4.0,0.8524519337958137,181
B0054,250,102,2010-09-30,4.0,0.8373919001793014,184
B0054,252,103,2010-09-30,4.0,0.0,3
B0055,0,1,2010-09-03,4.0,0.7989997927037011,280
B0055,4,2,2010-09-03,4.0,1.319892156462878,299
B0055,6,3,2010-09-03,4.0,1.2769832801132017,296
B0055,8,4,2010-09-04,4.0,1.2572591312230865,284
B0055,10,5,2010-09-04,4.0,1.206763751299412,289
B0055,12,6,2010-09-04,4.0,1.2077322536103197,276
B0055,16,7,2010-09-04,4.0,1.2009614290093835,260
B0055,18,8,2010-09-04,4.0,1.189059086549973,251
B0055,20,9,2010-09-04,4.0,1.169708782604433,275
B0055,22,10,2010-09-05,4.0,1.1483647194613424,270
B0055,24,11,2010-09-05,4.0,1.1527726060972296,242
B0055,28,12,2010-09-05,4.0,1.1318370471727228,267
B0055,30,13,2010-09-05,4.0,1.1326525803383347,261
B0055,32,14,2010-09-05,4.0,1.1160565716574584,261
B0055,34,15,2010-09-05,4.0,1.0984641825068853,258
B0055,36,16,2010-09-06,4.0,1.0925694103096681,257
B0055,40,17,2010-09-06,4.0,1.109167680712031,251
B0055,42,18,2010-09-06,4.0,1.1075035028905713,242
B0055,44,19,2010-09-06,4.0,1.106751675424531,248
B0055,46,20,2010-09-06,4.0,1.0726694124582825,248
B0055,48,21,2010-09-06,4.0,1.0776844021506693,247
B0055,52,22,2010-09-09,4.0,1.1981714734535907,258
B0055,56,23,2010-09-09,4.0,1.1625381552680927,255
B0055,58,24,2010-09-10,4.0,1.1556827465844224,251
B0055,60,25,2010-09-10,4.0,1.137444098422356,245
B0055,62,26,2010-09-10,4.0,1.1126375352125493,245
B0055,64,27,2010-09-10,4.0,1.098656067845981,242
B0055,68,28,2010-09-10,4.0,1.0985302758884639,240
B0055,70,29,2010-09-10,4.0,1.1029370400968537,237
B0055,72,30,2010-09-11,4.0,1.0949644922735318,234
B0055,74,31,2010-09-11,4.0,1.0890679714830998,233
B0055,76,32,2010-09-11,4.0,1.073323391636053,233
B0055,80,33,2010-09-11,4.0,1.095373856745309,228
B0055,82,34,2010-09-11,4.0,1.0639517466243125,229
B0055,84,35,2010-09-11,4.0,1.085798072407703,226
B0055,86,36,2010-09-12,4.0,1.0588748965507557,227
B0055,88,37,2010-09-12,4.0,1.0813260035191288,222
B0055,92,38,2010-09-12,4.0,1.061601862588323,223
B0055,94,39,2010-09-12,4.0,1.0593920670581127,223
B0055,96,40,2010-09-12,4.0,1.0742513141424725,220
B0055,98,41,2010-09-12,4.0,1.0405614734131499,219
B0055,100,42,2010-09-12,4.0,1.0575656535324895,218
B0055,104,43,2010-09-14,4.0,1.0983528970914622,226
B0055,108,44,2010-09-14,4.0,1.109758993739737,223
B0055,110,45,2010-09-14,4.0,1.0793315779206873,221
B0055,112,46,2010-09-15,4.0,1.0716159094756148,219
B0055,114,47,2010-09-15,4.0,1.0746464211019797,216
B0055,116,48,2010-09-17,4.0,1.08643683065179,215
B0055,120,49,2010-09-17,4.0,1.1340138347387958,233
B0055,122,50,2010-09-17,4.0,1.1176964717951587,229
B0055,124,51,2010-09-18,4.0,1.1046468529644289,225
B0055,126,52,2010-09-18,4.0,1.089700148407426,223
B0055,128,53,2010-09-18,4.0,1.075533547538172,222
B0055,132,54,2010-09-18,4.0,1.0609866776144368,223
B0055,134,55,2010-09-18,4.0,1.0518218041615568,221
B0055,136,56,2010-09-18,4.0,1.0553857898132757,218
B0055,138,57,2010-09-19,4.0,1.0533102333691788,216
B0055,140,58,2010-09-19,4.0,1.0315365260084348,216
B0055,144,59,2010-09-19,4.0,1.0533401053259415,212
B0055,146,60,2010-09-19,4.0,1.0317876798810788,214
B0055,148,61,2010-09-19,4.0,1.0354207912157296,211
B0055,150,62,2010-09-19,4.0,1.0322251791310608,210
B0055,152,63,2010-09-20,4.0,1.011543397303472,209
B0055,156,64,2010-09-20,4.0,1.0413760568150228,207
B0055,158,65,2010-09-20,4.0,1.02174193386881,208
B0055,160,66,2010-09-20,4.0,1.0133135547969283,206
B0055,162,67,2010-09-20,4.0,1.0299942559626907,202
B0055,164,68,2010-09-20,4.0,1.0189349807814327,205
B0055,168,69,2010-09-21,4.0,1.0290879520854017,208
B0055,172,70,2010-09-21,4.0,1.0567629241900045,208
B0055,174,71,2010-09-22,4.0,1.0291668536316647,200
B0055,176,72,2010-09-22,4.0,1.0321298444901021,203
B0055,178,73,2010-09-22,4.0,1.0409230283951276,199
B0055,180,74,2010-09-22,4.0,1.011161098766987,201
B0055,184,75,2010-09-22,4.0,1.0337876112911784,199
B0055,186,76,2010-09-22,4.0,1.003994224020383,199
B0055,188,77,2010-09-23,4.0,1.0334195479955004,195
B0055,190,78,2010-09-23,4.0,1.0098936564116459,196
B0055,192,79,2010-09-23,4.0,1.0126262447940628,194
B0055,196,80,2010-09-23,4.0,0.9948742055727694,195
B0055,198,81,2010-09-23,4.0,1.0240799556179332,191
B0055,200,82,2010-09-23,4.0,1.0208889510043027,191
B0055,202,83,2010-09-23,4.0,1.016100815944114,191
B0055,204,84,2010-09-24,4.0,0.9987875345106277,191
B0055,208,85,2010-09-24,4.0,1.0158868294923784,190
B0055,210,86,2010-09-24,4.0,0.9963437517762594,190
B0055,212,87,2010-09-24,4.0,1.0053777381419529,188
B0055,214,88,2010-09-24,4.0,1.009132291002791,186
B0055,216,89,2010-09-24,4.0,0.9984581240784203,184
B0055,220,90,2010-09-28,4.0,1.0892389324114138,200
B0055,224,91,2010-09-28,4.0,1.0793936031703524,198
B0055,226,92,2010-09-28,4.0,1.032614295314224,197
B0055,228,93,2010-09-29,4.0,1.0498572649026638,192
B0055,230,94,2010-09-29,4.0,1.0453902697248563,191
B0055,232,95,2010-09-29,4.0,1.0001607736713514,190
B0055,236,96,2010-09-29,4.0,1.0084094786878157,188
B0055,238,97,2010-09-29,4.0,1.003655158082039,189
B0055,240,98,2010-09-29,4.0,1.0285269676595319,185
B0055,242,99,2010-09-29,4.0,0.9816844358987022,186
B0055,244,100,2010-09-30,4.0,1.0127121434171131,182
B0055,248,101,2010-09-30,4.0,1.0201379996149256,181
B0055,250,102,2010-09-30,4.0,0.9907591663373165,184
B0056,0,1,2010-09-03,4.0,0.7852781208785192,280
B0056,4,2,2010-09-03,4.0,1.3443555553017368,299
B0056,6,3,2010-09-03,4.0,1.317502710734752,296
B0056,8,4,2010-09-04,4.0,1.2973654679476911,284
B0056,10,5,2010-09-04,4.0,1.263960414854898,289
B0056,12,6,2010-09-04,4.0,1.2589496187032136,276
B0056,16,7,2010-09-04,4.0,1.2806197690202599,260
B0056,18,8,2010-09-04,4.0,1.2572786868607095,251
B0056,20,9,2010-09-04,4.0,1.2226260041048898,275
B0056,22,10,2010-09-05,4.0,1.2292772249257495,270
B0056,24,11,2010-09-05,4.0,1.2275780135689456,242
B0056,28,12,2010-09-05,4.0,1.2133872888296768,267
B0056,30,13,2010-09-05,4.0,1.230223614493081,261
B0056,32,14,2010-09-05,4.0,1.1927530108462678,261
B0056,34,15,2010-09-05,4.0,1.1867106635987799,258
B0056,36,16,2010-09-06,4.0,1.1914875140242167,257
B0056,40,17,2010-09-06,4.0,1.214178606017816,251
B0056,42,18,2010-09-06,4.0,1.2094387558721402,242
B0056,44,19,2010-09-06,4.0,1.207072299940321,248
B0056,46,20,2010-09-06,4.0,1.162961249391913,248
B0056,48,21,2010-09-06,4.0,1.17887968705904,247
B0056,52,22,2010-09-09,4.0,1.2945104146044433,258
B0056,56,23,2010-09-09,4.0,1.2602567563003473,255
B0056,58,24,2010-09-10,4.0,1.2408721291565108,251
B0056,60,25,2010-09-10,4.0,1.252197340273113,245
B0056,62,26,2010-09-10,4.0,1.2279025700477384,245
B0056,64,27,2010-09-10,4.0,1.1917170308946994,242
B0056,68,28,2010-09-10,4.0,1.1858570240011006,240
B0056,70,29,2010-09-10,4.0,1.1840938286611427,237
B0056,72,30,2010-09-11,4.0,1.2059829135917657,234
B0056,74,31,2010-09-11,4.0,1.165428493679393,233
B0056,76,32,2010-09-11,4.0,1.1790060613193858,233
B0056,80,33,2010-09-11,4.0,1.2013113747183153,228
B0056,82,34,2010-09-11,4.0,1.165597803317432,229
B0056,84,35,2010-09-11,4.0,1.180303335055002,226
B0056,86,36,2010-09-12,4.0,1.1658134189695046,227
B0056,88,37,2010-09-12,4.0,1.1763960515773761,222
B0056,92,38,2010-09-12,4.0,1.1458325512940766,223
B0056,94,39,2010-09-12,4.0,1.167557759980296,223
B0056,96,40,2010-09-12,4.0,1.145636654711916,220
B0056,98,41,2010-09-12,4.0,1.1443667002824445,219
B0056,100,42,2010-09-12,4.0,1.1605177686388095,218
B0056,104,43,2010-09-14,4.0,1.2272013042602479,226
B0056,108,44,2010-09-14,4.0,1.2454797202045476,223
B0056,110,45,2010-09-14,4.0,1.1722288849037228,221
B0056,112,46,2010-09-15,4.0,1.1953514999944956,219
B0056,114,47,2010-09-15,4.0,1.1919514716203925,216
B0056,116,48,2010-09-17,4.0,1.2296223665252586,215
B0056,120,49,2010-09-17,4.0,1.2774519419396988,233
B0056,122,50,2010-09-17,4.0,1.2433879751668584,229
B0056,124,51,2010-09-18,4.0,1.230802542912592,225
B0056,126,52,2010-09-18,4.0,1.2162358534094664,223
B0056,128,53,2010-09-18,4.0,1.2088335726499548,222
B0056,132,54,2010-09-18,4.0,1.1946181162240357,223
B0056,134,55,2010-09-18,4.0,1.1734248134794991,221
B0056,136,56,2010-09-18,4.0,1.1404596305913128,218
B0056,138,57,2010-09-19,4.0,1.1821716406845988,216
B0056,140,58,2010-09-19,4.0,1.1480663382055174,216
B0056,144,59,2010-09-19,4.0,1.1825381935034152,212
B0056,146,60,2010-09-19,4.0,1.1552092862846601,214
B0056,148,61,2010-09-19,4.0,1.1216816712671696,211
B0056,150,62,2010-09-19,4.0,1.162666262561457,210
B0056,152,63,2010-09-20,4.0,1.124695615744926,209
B0056,156,64,2010-09-20,4.0,1.1664177948797931,207
B0056,158,65,2010-09-20,4.0,1.1346745156379465,208
B0056,160,66,2010-09-20,4.0,1.1012231317092755,206
B0056,162,67,2010-09-20,4.0,1.1560733948472832,202
B0056,164,68,2010-09-20,4.0,1.1385609898764002,205
B0056,168,69,2010-09-21,4.0,1.1757265448773706,208
B0056,172,70,2010-09-21,4.0,1.1969385632452556,208
B0056,174,71,2010-09-22,4.0,1.1267457988726266,200
B0056,176,72,2010-09-22,4.0,1.1601031368559531,203
B0056,178,73,2010-09-22,4.0,1.1361458729690275,199
B0056,180,74,2010-09-22,4.0,1.1397253894261876,201
B0056,184,75,2010-09-22,4.0,1.1560010024767575,199
B0056,186,76,2010-09-22,4.0,1.126818619026835,199
B0056,188,77,2010-09-23,4.0,1.116688355680394,195
B0056,190,78,2010-09-23,4.0,1.1330613197666846,196
B0056,192,79,2010-09-23,4.0,1.0893839897995972,194
B0056,196,80,2010-09-23,4.0,1.1120836459259367,195
B0056,198,81,2010-09-23,4.0,1.1279950254648337,191
B0056,200,82,2010-09-23,4.0,1.1386774565024178,191
B0056,202,83,2010-09-23,4.0,1.1271136962200643,191
B0056,204,84,2010-09-24,4.0,1.1101508869653747,191
B0056,208,85,2010-09-24,4.0,1.1344632260422465,190
B0056,210,86,2010-09-24,4.0,1.108458756302863,190
B0056,212,87,2010-09-24,4.0,1.0768220870214844,188
B0056,214,88,2010-09-24,4.0,1.128398212919817,186
B0056,216,89,2010-09-24,4.0,1.1066350346531368,184
B0056,220,90,2010-09-28,4.0,1.271609072217319,200
B0056,224,91,2010-09-28,4.0,1.2415767175377967,198
B0056,226,92,2010-09-28,4.0,1.174652904422814,197
B0056,228,93,2010-09-29,4.0,1.1989389885187762,192
B0056,230,94,2010-09-29,4.0,1.1461398965188563,191
B0056,232,95,2010-09-29,4.0,1.129224378671885,190
B0056,236,96,2010-09-29,4.0,1.1103432888019913,188
B0056,238,97,2010-09-29,4.0,1.153909472897475,189
B0056,240,98,2010-09-29,4.0,1.1302191455340138,185
B0056,242,99,2010-09-29,4.0,1.1258719408034097,186
B0056,244,100,2010-09-30,4.0,1.1430108283920968,182
B0056,248,101,2010-09-30,4.0,1.1372731775310292,181
B0056,250,102,2010-09-30,4.0,1.1290590137779504,184
